,书籍名称,频率
0,存在主义心理治疗,3
1,亲密关系,35
2,人生的智慧,43
3,苏菲的世界,34
4,杀死一只知更鸟,59
5,维特根斯坦传,3
6,当尼采哭泣,5
7,血酬定律：中国历史上的生存游戏,2
8,忏悔录,16
9,沉思录,28
10,如何阅读一本书,49
11,西方世界的经典人并担任1974年第十五版《大英百科全书,1
12,大英百科全书,2
13,棋王.樹王.孩子王,1
14,棋王,3
15,第九个寡妇,4
16,乌合之众,53
17,乌合之众:大众心理研究,1
18,少有人走的路,35
19,影响力,33
20,财富,5
21,相约星期二,13
22,明年更年轻,3
23,与身体对话,2
24,失衡,2
25,睡眠革命,4
26,正面思维，创造幸福,1
27,学习之道,8
28,象与骑象人,3
29,这样读书就够了,3
30,人类简史,71
31,非暴力沟通,52
32,活着,286
33,月亮与六便士,66
34,社会性动物,12
35,富爸爸，穷爸爸,12
36,自控力,30
37,小王子,129
38,金字塔原理,21
39,原则,31
40,娱乐至死,22
41,学会提问,17
42,乡土中国,15
43,围城,76
44,上帝掷骰子吗,7
45,三体,147
46,三体Ⅱ·黑暗森林,1
47,三体Ⅲ·死神永生,1
48,穷查理宝典,38
49,平凡的世界,202
50,明朝那些事儿,66
51,红楼梦,144
52,超越感觉：批判性思考指南,4
53,白夜行,118
54,1984,62
55,自私的基因,32
56,活出生命的意义,10
57,思考，快与慢,11
58,薛兆丰经济学讲义,1
59,沟通的艺术,4
60,做出好决定,3
61,百年孤独,126
62,把时间当做朋友,9
63,追风筝的人,90
64,哲学家们都干了些什么,3
65,万历十五年,39
66,瓦尔登湖,51
67,态度改变与社会影响,7
68,社会心理学,19
69,刻意练习,20
70,今日简史,7
71,未来简史,23
72,沟通圣经,2
73,动物庄园,10
74,道德经,53
75,被讨厌的勇气,28
76,爱的艺术,27
77,沉默的大多数,15
78,练习的心态,2
79,小公主,3
80,身份的焦虑,6
81,美的历程,17
82,经济学原理.微观分册,2
83,经济学原理微观经济学分册,1
84,习惯的力量,5
85,人类群星闪耀时,15
86,乐队的夏天,1
87,群星闪耀时,1
88,七堂极简物理课,2
89,时间简史,20
90,五十度灰,6
91,神盾局特工,1
92,原生家庭：如何修补自己的性格缺陷,3
93,原生家庭,3
94,沟通的艺术：看入人里，看出人外,13
95,语言学的邀请,6
96,人间草木,7
97,夏天,1
98,请停止无效努力,4
99,小狗钱钱,36
100,罗生门,23
101,密林中,1
102,竹林中,1
103,鼻,2
104,黄金时代,18
105,地狱变,1
106,矿车,1
107,舞会,1
108,侏儒警语,1
109,掌控习惯,5
110,三体全集,2
111,当下的力量,13
112,高效能人士的七个习惯,24
113,如何掌控自己的时间和生活,2
114,考研真题,1
115,三年高考五年模拟,1
116,麦田守望者,4
117,自卑与超越,20
118,局外人,30
119,群体的智慧,2
120,菊与刀,14
121,百万美元宝贝,1
122,百元之恋,1
123,喜剧之王,1
124,心动的信号,1
125,毛泽东选集,49
126,北京周报,1
127,中国建设,1
128,毛选,19
129,播种希望,1
130,我所认识的乌干达总统穆塞韦尼,1
131,白鹿原,33
132,霍乱时期的爱情,39
133,理想国,16
134,全球通史,16
135,艺术的故事,9
136,激荡三十年,17
137,巨人的陨落,7
138,科学革命的结构,3
139,利维坦,5
140,论中国,2
141,美学散步,5
142,梦的解析,13
143,枪炮、病菌与钢铁,9
144,史记,47
145,数学之美,5
146,谈美,9
147,现代艺术的意义,1
148,语言本能,2
149,中国古代科学思想史,1
150,资本论,26
151,走在人生边上,2
152,人类学透镜,1
153,社会学入门,1
154,论人类不平等的起源,2
155,国富论,22
156,功利主义,1
157,自私的美德,1
158,帕斯卡尔思想录,2
159,圆锥曲线论,1
160,生命之爱,1
161,心的出路,1
162,心灵简史,1
163,幸福之路,5
164,进化心理学,10
165,反本能,1
166,深度思维,3
167,中国文化的深层结构,1
168,素书,1
169,菜根谭,18
170,智慧书,6
171,人情与面子,2
172,权经,1
173,尼采的锤子,1
174,思考的力量,1
175,像心理学家一样思考,1
176,我们如何思维,1
177,有效思维,1
178,身边的逻辑学,1
179,如何成为卓越的大学教师,1
180,给教师的建议,2
181,光有爱还不够,1
182,教学设计原理,1
183,民主·经验·教育,1
184,教学设计,1
185,适合比成功更重要,1
186,快乐富有过一生,1
187,聘之有道面试读心术,2
188,金字塔原理：思考、写作和解决问题的逻辑,1
189,首先，打破一切常规,4
190,高效迭代,1
191,理解媒介,4
192,失控,6
193,权力的转移,1
194,连线,1
195,未来地图：技术、商业和我们的选择,1
196,数学它的内容、方法和意义,1
197,橘子不是唯一的水果,2
198,飞毡,3
199,一千零一夜,14
200,醉酒的植物学家,3
201,月光落在左手上,1
202,穿过大半个中国去睡你,1
203,我爱你,1
204,我与地坛,27
205,好运设计,1
206,论史铁生的后期小说,1
207,在一个冬天的夜晚里,1
208,山顶上的传说,1
209,夏天的玫瑰,1
210,车神,1
211,没有太阳的角落,1
212,足球,1
213,来到人间,1
214,我二十一岁那年,1
215,务虚笔记,3
216,命若琴弦,5
217,拆散的笔记簿,1
218,路过笛卡尔大街,2
219,理性乐观派,1
220,稀缺：我们是如何陷入贫穷与忙碌的,3
221,稀缺,4
222,爱的五种语言,11
223,出版者周刊,2
224,心灵游戏,2
225,超级时间增倍术,1
226,自律力,1
227,胭脂扣,4
228,微习惯,6
229,心理学与生活,12
230,不败的经典设计,2
231,深泽直人,2
232,设计心理学,3
233,由内向外看世界,2
234,佐藤大.没有废弃方案,2
235,佐藤可士和的超整理术,2
236,简约至上-交互设计四原则,2
237,中国传统工艺,1
238,成事,13
239,十八岁给我一个姑娘,1
240,万物生长,3
241,北京，北京,1
242,曾文正公嘉言钞,3
243,FBI教你破解身体语言,2
244,情绪急救,2
245,巨人的工具,1
246,细节,2
247,世界观,3
248,我们如何走到今天,2
249,斯通纳,2
250,画家与黑客,1
251,终身成长,14
252,基督山伯爵,36
253,三个火枪手,1
254,牛虻,5
255,简·爱,2
256,呼啸山庄,8
257,傲慢与偏见,30
258,悲惨世界,22
259,教父,14
260,包法利夫人,3
261,自控力科学,1
262,拖延心理学,7
263,搞定,1
264,重塑心灵,6
265,我遇见了人类,2
266,嫌疑人X的献身,11
267,嫌疑人,1
268,纯真博物馆,1
269,无声告白,24
270,跟着贝尔去冒险,1
271,失明症漫记,3
272,安徒生童话,6
273,工作前5年，决定你一生的财富,2
274,穷爸爸富爸爸,9
275,如何高效学习,3
276,文明,7
277,无穷的开始：改变世界的解释,1
278,透过钱眼看中国历史,1
279,智能机器的未来：人机协作对人类的工作、生活以及知识技能的影响,1
280,零秒思考：像麦肯锡精英一样思考,1
281,零秒思考,2
282,窗边的小豆豆,13
283,夹边沟纪事,2
284,深度工作,6
285,为什么精英都是时间控,4
286,在路上,24
287,达摩流浪者,4
288,哈利波特,14
289,活好,3
290,财富自由之路,14
291,韭菜的自我修养,2
292,三十六计,5
293,乐府诗集·鸡鸣,1
294,至大论,2
295,浮生取义,2
296,大数据,2
297,罪与罚,9
298,大问题：简明哲学导论,1
299,月,1
300,罪,2
301,帕,3
302,查拉图斯特拉如是说,7
303,传习录,9
304,理,1
305,查,1
306,大,1
307,陈寅恪的最后二十年,3
308,中国大历史,4
309,柳如是别传,2
310,论半生缘,1
311,自下而上,1
312,刺杀骑士团长,7
313,周恩来最后600天,2
314,非平面,11
315,印刷,1
316,纽约观察报,1
317,独立报,1
318,福布斯,2
319,精选,1
320,平面国,3
321,拖拉一点也无妨,2
322,内向者沟通圣经,1
323,自我关怀的力量,2
324,穿越抑郁的正念之道,1
325,改变心理学的 40 项研究,1
326,50 位最伟大的心理学思想家,1
327,生命的运作方式,6
328,F IN EXAMS,1
329,房思琪的初恋乐园,23
330,熔炉,2
331,傅雷家书,10
332,总结,4
333,人性的枷锁,4
334,风筝,2
335,道德箴言录,2
336,千年智慧书,3
337,穷理查年鉴,2
338,邦查女孩,3
339,妖满城,2
340,情商,2
341,叫魂——1768年中国妖术大恐慌,1
342,灿烂千阳,17
343,星洲日报,1
344,重返美丽新世界,4
345,笑傲江湖,4
346,鹿鼎记,3
347,黑天鹅,8
348,设计准则,1
349,住宅设计解剖书,1
350,这样装修不后悔,2
351,照明设计终极圣经,1
352,收纳全书,1
353,怦然心动的人生整理魔法,7
354,小家，越住越大,1
355,家事的抚慰,1
356,家的模样,2
357,BEAMS AT HOME,1
358,好好住家居指南：从零开始的装修攻略,1
359,刻意练习：如何从新手到大师,1
360,深度工作：如何有效使用每一点脑力,1
361,海蒂性学报告,3
362,海蒂性学报告.女人篇,1
363,男人篇,1
364,女人篇,1
365,遇见未知的自己,10
366,一个叫欧维的男人决定去死,9
367,从达尔文到芒格,4
368,认知天性,3
369,富爸爸财务自由之路,2
370,可爱的诅咒,2
371,对伪心理学说不,3
372,超越感觉,2
373,批判性思维,5
374,从负数开始出发,1
375,牛奶可乐经济学,8
376,教出乐观的孩子,1
377,我是猫,22
378,子规,1
379,哥儿,1
380,五味——汪曾祺谈吃散文38篇,1
381,端午的鸭蛋,1
382,一只特立独行的猪,8
383,俗世奇人,6
384,刷子李,2
385,泥人张,2
386,看见,42
387,浮生六记,28
388,十二幅地图中的世界史,1
389,今日历史,1
390,边城,15
391,五百年来谁著史:1500年以来的中国与世界,1
392,人民日报,1
393,华尔街日报,2
394,道德情操论,7
395,微纪元,1
396,华衫讲透孙子兵法,1
397,超级符号就是超级创意,1
398,如何快速阅读一本书,1
399,左传,10
400,左氏春秋,2
401,春秋左氏传,2
402,春秋左氏,1
403,春秋内传,1
404,词源,1
405,水浒传,10
406,生命的重建,5
407,认识自己，接纳自己,3
408,我的情绪为何总被他人左右,2
409,为了N,1
410,胚胎奇谭,3
411,青金石幻想,1
412,山月记,5
413,弟子,1
414,李陵,1
415,光•风•梦,1
416,奇迹男孩,3
417,步履不停,5
418,罗马人的故事,3
419,论不服从,3
420,异类的天赋,2
421,天才在左，疯子在右,17
422,纽约时报,14
423,你不懂葡萄酒,1
424,幸福课——不完美的人生解答书,1
425,敏感内向者的幸福课,1
426,奇葩说,1
427,给青年人的信,1
428,别独自用餐/Never Eat Alone,1
429,别独自用餐,1
430,意志力科学,1
431,艽野尘梦,10
432,诗·小雅·小明,1
433,西藏生死线,1
434,西藏惊情,1
435,上帝掷骰子吗？：量子物理史话,1
436,少有人走的路：心智成熟的旅程,4
437,新周刊,1
438,书城,1
439,天龙八部,5
440,西方世界的经典,1
441,看懂财经新闻的第一本书,1
442,精进,7
443,时代,1
444,暗时间,1
445,黑客与画家,3
446,追寻生命的意义,3
447,深夜加油站遇见苏格拉底,2
448,苏东坡传,5
449,次第花开,4
450,我的精神家园,5
451,干法,3
452,活法,10
453,中国哲学简史,6
454,昨日的世界,2
455,少年维特之烦恼,1
456,在细雨中的呐喊,1
457,八十年代访谈录,2
458,岁月与性情,1
459,妞妞,1
460,皮囊,18
461,禅者的初心,2
462,培根论人生,2
463,禅与摩托车维修的艺术,1
464,品人录,4
465,品三国,2
466,读城记,1
467,中国的男人和女人,1
468,闲话中国人,1
469,大话方言,1
470,第三帝国的兴亡,1
471,奥德赛,3
472,荷马史诗,1
473,西方哲学史,4
474,天朝的崩溃,1
475,中国农民调查,1
476,细雨中的呐喊,1
477,邓小平时代,4
478,南渡北归,10
479,中国现代小说史,3
480,文学回忆录,6
481,德国通史,1
482,中国近代史,3
483,中国通史,7
484,第五项修炼,1
485,管理的实践,3
486,旁观者,2
487,大道至简-讲给EMBA的经济学,1
488,顾客为什么购买,2
489,精益创业,4
490,创新与企业家精神,3
491,德鲁克全集,1
492,德鲁克和我,1
493,失落的管理艺术,1
494,从0到1,1
495,发现商业模式,1
496,从优秀到卓越,2
497,新教伦理与资本主义精神,2
498,落脚城市,1
499,文字小讲,1
500,说文解字,3
501,技术的本质,1
502,晚学盲言,2
503,知道分子,1
504,生育制度,2
505,胡适传论,1
506,张居正大传,2
507,曾国藩,4
508,王阳明大传,2
509,蒋经国传,2
510,乔布斯传,3
511,毛泽东传,3
512,拿破仑传,4
513,民国政治人物,1
514,李鸿章传,4
515,蒋介石与现代中国,1
516,王安石传,1
517,武则天传,4
518,刘邦别传,1
519,民国三大校长,1
520,胡适杂忆,1
521,富兰克林自传,5
522,独立宣言,2
523,柳叶刀,1
524,自我驱动心理学,5
525,原生家庭生存指南,2
526,原生家庭生存指南——如何摆脱非正常家庭环境的影响,1
527,泰晤士报,1
528,天生非此：家是如何影响我们一生的,1
529,青少年的暴力倾向：在这个只有赢家和输家的现代文化背景下,1
530,原生家庭生存指南：如何摆脱非正常家庭环境的影响,1
531,卫报,1
532,金融时报,1
533,康熙来了,1
534,被驯服的象,1
535,射雕英雄传,4
536,哈利·波特,3
537,梦里花落知多少,2
538,橄榄树,2
539,增广贤文,13
540,增广昔时贤文,1
541,金瓶梅,38
542,飘,46
543,热锅上的家庭：家庭问题背后的心理真相,3
544,拆掉思维里的墙,5
545,圣经,21
546,双城记,3
547,戏剧的技巧,1
548,想象,1
549,人的大地,2
550,银河铁道之夜,2
551,你今天真好看,4
552,我可以咬一口吗,2
553,解忧杂货店,36
554,我的生活不可能这么坏,2
555,人间失格,51
556,北野武的小酒馆,5
557,纸上动物园,2
558,哈利波特与死亡圣器,2
559,漫长的告别,2
560,岛上书店,10
561,浮生物语,3
562,阿朱,1
563,明史不忍细看,1
564,帝国首辅张居正,1
565,细说明朝,1
566,经济学原理,14
567,附录和补遗,1
568,苏菲的世界(精),1
569,故事,5
570,对白,1
571,哥德尔、艾舍尔、巴赫书：集异璧之大成,1
572,儿童非言语行为,1
573,非言语行为理论与研究应用,1
574,非言语行为基本原理,1
575,易传,1
576,歇斯底里症研究,1
577,旧约创世纪,1
578,拉丁教父集,1
579,教会拉丁作家丛书,1
580,法兰西大学丛书,1
581,汉摩拉比法典,1
582,乌合之众：群体心理研究,2
583,宇宙之王,1
584,暮光之城,2
585,Fifty Shades Darker,1
586,Fifty Shades Freed,1
587,白雪公主与猎人,1
588,谍影重重,1
589,身份窃贼,1
590,复活,7
591,我们时代的神经症人格,5
592,心灵鸡汤,2
593,吸引力法则,1
594,渴望生活——梵高传,1
595,不抱怨的世界,2
596,1619年的辽东战役,1
597,建筑绘,1
598,夏摩山谷,2
599,这些都是你给我的爱,1
600,麦田里的守望者,14
601,唐璜,3
602,演员的自我修养,1
603,“体验创作”过程中的自我修养,1
604,我怎么没想到,1
605,钻石时代,1
606,理解人性,2
607,正面管教,6
608,最高休息法,1
609,秦时明月,1
610,绿山墙的安妮,10
611,少女安妮,1
612,女大学生安妮,1
613,梦中小屋的安妮,1
614,壁炉山庄的安妮,1
615,彩虹幽谷,1
616,壁炉山庄的丽拉,1
617,红发安妮,1
618,Anne,2
619,论语,38
620,四书章句集注,3
621,论语译注,2
622,论语新解,2
623,四书释义,1
624,论语新劄,1
625,唐宋名家词选,3
626,资治通鉴,32
627,进资治通鉴表,1
628,资治通鉴：传世经典 文白对照,1
629,白话资治通鉴,2
630,文白对照全译资治通鉴,1
631,历朝通俗演义,1
632,简单的逻辑学,2
633,文法俱乐部,1
634,昭奚旧草,3
635,了凡四训,13
636,读心专家,1
637,周易,13
638,论持久战,6
639,星星之火，可以燎原,1
640,湖南农民运动考察报告,2
641,必须注意经济工作,1
642,沸腾十五年,6
643,浪潮之巅,11
644,电脑报,1
645,知识经济,1
646,腾讯传,2
647,阿里传,1
648,硅谷之谜,2
649,你要如何衡量你的人生,1
650,你要如何衡量自己的人生,1
651,创新者的窘境,1
652,论导师的权力,1
653,论六字真言的威力,1
654,论王攀老师的独特语言系统,1
655,生命不能承受之轻,3
656,千古名将英雄梦,1
657,恶之花,2
658,反溺爱,2
659,你的钱,1
660,中华的智慧,1
661,书,2
662,中国哲学思潮发展史,1
663,字典,1
664,怎样查字典,1
665,投资最重要的事,2
666,提问的艺术,1
667,微革命,1
668,创业维艰,2
669,卓有成效的管理者,4
670,人生,39
671,废都,2
672,丰乳肥臀,10
673,明朝那些事,13
674,我们仨,32
675,点个赞,1
676,规模,3
677,OpenStack王者归来,1
678,上帝掷骰子吗？量子物理史话,2
679,上帝掷骰子吗？,2
680,哲学纲要,1
681,摆渡人,11
682,我怀疑人们在密谋让我幸福,1
683,The 4-hour Workweek,1
684,抵抗孤独的一百种办法,1
685,非诚勿扰,1
686,父母效能训练手册,1
687,父母能效训练手册,1
688,无条件养育,2
689,建筑家安藤忠雄,1
690,再会，老北京,1
691,东北游记,1
692,本地·回坊,1
693,本地·市井生活,1
694,本地,1
695,黑暗之城：九龙城寨的日与夜</b>,1
696,大図解九龍城,1
697,城市造反：全球非典型都市规划术,1
698,走来走去,1
699,水浒,2
700,房中术,1
701,槽边往事,1
702,好战略，坏战略,1
703,形式逻辑,2
704,女士品茶,1
705,深入浅出统计学,1
706,许三观卖血记,42
707,龙族,15
708,纯粹理性批判,8
709,实践理性批判,1
710,判断力批判,1
711,作为意志和表象的世界,4
712,小逻辑,1
713,尼采自述,1
714,存在与时间,2
715,马克思恩格斯全集,2
716,逃避自由,5
717,人性的弱点,44
718,面包与自由,1
719,告青年,1
720,The 15 Commitments of Conscious Leadership,1
721,意识领袖的15项承诺,1
722,现在，发现你的优势,3
723,致加西亚的一封信,1
724,麦肯锡意识,2
725,权力之路：林登·约翰逊传,1
726,</b>The Crowd a study of popular mind,1
727,三剑客,2
728,python 编程从入门到实践,1
729,探索心理学,1
730,改变心理学的40项研究,3
731,为何家会伤人,5
732,发展心理学,1
733,个人形成论,2
734,给心理治疗师的礼物,1
735,经济学的思维方式,1
736,策略思维,2
737,摩根财团,2
738,大而不倒,1
739,大败局,6
740,货币、银行和金融市场经济学,1
741,漫步华尔街,2
742,伟大的博弈,5
743,滑动解锁：解密技术基因 揭秘数字世界,1
744,十问：霍金沉思录,1
745,岁月凶猛,3
746,野蛮生长,2
747,理想丰满,2
748,改变未来的九大算法,1
749,让你在公司显得很能干的52种方法,2
750,平面国：一个多维的传奇故事,1
751,5G时代,1
752,红白机视觉进化史,1
753,迷人的液体,1
754,迷人的材料,1
755,老科技的全球史,1
756,暗网,1
757,一个观点，不一定对,1
758,银河界区三部曲,1
759,大历史,1
760,黑色皮革手册,1
761,一想到还有95%的问题留给人类，我就放心了,1
762,直觉泵和其他思考工具,1
763,格局,3
764,进击的智人,1
765,后真相时代,1
766,黑箱：日本之耻,2
767,坏血：一个硅谷巨头的秘密与谎言,1
768,我们脑中那些挥之不去的问题,1
769,地下,2
770,智能战略,1
771,呼吸,2
772,十二个明天,1
773,降临,1
774,你一生的故事,1
775,黑镜,1
776,全球科技通史,1
777,病毒星球,2
778,从一到无穷大,4
779,时间不存在,1
780,未来人不存在,1
781,绝对笑喷之弃业医日记,1
782,冰与火之歌：权力的游戏,1
783,冰与火之歌,6
784,猎魔人,2
785,巫师,1
786,暗趋势：藏在科技浪潮中的商业机会,1
787,听什么歌都像在唱自己,1
788,跨界学习：终身学习者的认知方法论,1
789,弹性：在极速变化的世界中灵活思考,1
790,灰犀牛,1
791,反脆弱,6
792,第五次开始,1
793,塔希里亚故事集,3
794,契约,1
795,反常识,1
796,大加速,1
797,你有你的计划，世界另有计划,1
798,智识分子,1
799,高手,1
800,行为设计学：打造峰值体验,1
801,云球,2
802,黑暗森林,1
803,AI的25种可能,1
804,那些让你更聪明的科学新概念,1
805,哪些科学观点必须去死,1
806,如何思考会思考的机器,1
807,心智探奇：人类心智的起源与进化,1
808,我是个怪圈,1
809,心智探奇,1
810,万历,3
811,清醒思考的艺术,2
812,中国社会各阶层分析,3
813,毛泽东文选,1
814,群氓之族,1
815,中国革命战争的战略问题,1
816,集中优势兵力，各个歼灭敌人,1
817,中国社会各阶级的分析,2
818,中国的红色政权为什么能够存在？,1
819,反对本本主义,1
820,实践论,2
821,矛盾论,3
822,二十世纪中国史纲,1
823,为什么是毛泽东,1
824,毛泽东军事战略,1
825,孙子兵法,27
826,兵以诈立,1
827,唯一的规则,1
828,六祖坛经,4
829,小窗幽记,3
830,醉古堂剑扫,1
831,与神对话,18
832,德布罗意文选,1
833,代码大全,3
834,打开一颗心,6
835,人间世,1
836,实习医生格蕾,1
837,你的生命在他们手中,1
838,金刚经,11
839,哲道行者,1
840,中国历代政治得失,8
841,杀死一直知更鸟,1
842,东方快车谋杀案,3
843,被嫌弃的松子的一生,2
844,安娜.卡列尼娜,2
845,世说新语,3
846,老人与海,13
847,儒林外史,3
848,了不起的盖茨比,19
849,悉达多,14
850,檀香刑,4
851,乡下人的悲歌,4
852,史密斯夫妇,1
853,第3选择,1
854,枕草子,6
855,山,1
856,云隐,1
857,思想录,7
858,帕斯卡尔传,1
859,随笔集,1
860,查令十字街84号,7
861,月亮和六便士,19
862,撒哈拉的故事,25
863,孤独小说家,2
864,无比美妙的痛苦,1
865,悟空传,8
866,寻找家园,3
867,在上帝的荒野中,1
868,声律启蒙,1
869,龍頭鳳尾,1
870,富爸爸穷爸爸,23
871,富爸爸现金流,1
872,变革中国,1
873,中国经营报,1
874,激荡十年：水大鱼大,1
875,吴晓波频道,1
876,尼采：在实际的转折点上,1
877,当鞋合脚时,1
878,文汇报,1
879,南方周末,1
880,夜航船,4
881,资政通鉴,1
882,宋史,8
883,诗,1
884,男人来自火星女人来自金星,2
885,高潮一直来一直来,1
886,如何让你爱的人爱上你,3
887,坏女人有人爱,1
888,他其实没那么喜欢你,1
889,像女人一样行动 像男人一样思考,1
890,爱的博弈：建立信任、避免背叛与不忠,1
891,性学三论与爱情心理学,1
892,论导师的权利,1
893,褚时健传,1
894,机构投资的创新之路,1
895,力量训练基础,1
896,故事新编,3
897,炼金术士,1
898,牧羊少年奇幻之旅,22
899,极花,3
900,明朝,1
901,莎士比亚悲剧集,2
902,灵魂的事,2
903,金刚经说什么,5
904,僧侣与哲学家,2
905,意志力,1
906,再活一次，和人生温柔相拥,1
907,生命之书,2
908,智能时代,3
909,通往财富自由之路,5
910,把时间当作朋友,7
911,书生傻气,1
912,书海泛舟记,4
913,父子大学,3
914,文明之光,2
915,念你们的名字,1
916,问名,1
917,你当像鸟飞往你的山,6
918,神经外科的黑色喜剧,2
919,血疫：埃博拉的故事,1
920,小人物：我和父亲乔布斯,1
921,我们都是奥黛特,1
922,裴斐文集,1
923,高等数学,4
924,概率论,3
925,线性代数,3
926,算法导论,5
927,Calculus,1
928,Introduction to Linear Algebra,1
929,Statistic Inference,1
930,Introduction to Algorithms,1
931,Algorithm Design,1
932,异类,3
933,有限和无限的游戏,1
934,自由的伦理,1
935,七国志,2
936,贫穷的本质,2
937,千面英雄,1
938,都挺好,1
939,数据之巅：大数据革命，历史、现实与未来,1
940,中流击水——经济全球化大潮与中国之命运,2
941,人类简史：从远古到二十一世纪,2
942,中国文化的深层次结构,1
943,分析化学,3
944,改变世界的第三只苹果,1
945,亲爱的安德烈,12
946,公共事务的治理之道,1
947,公共事务治理之道,1
948,正义论,5
949,近代中国的新陈代谢,1
950,庚款留学百年,1
951,最好的告别：关于衰老与死亡，你必须知道的常识,2
952,万物有灵且美,3
953, 长腿叔叔,1
954,万物既伟大又渺小,2
955,万物既聪慧又奇妙,3
956,万物刹那又永恒,2
957,万物生光辉,3
958,长腿叔叔,3
959,马克思哲学,5
960,读者,1
961,意林,2
962,毛概,1
963,马哲,1
964,欧亨利文选,1
965,恶魔法则,3
966,天王,1
967,猎国,1
968,长生界,1
969,阳神,1
970,暗黑者,2
971,蝙蝠侠,1
972,Legal High,1
973,心理罪：城市之光,1
974,夏日走过山间,2
975,趋势红利,5
976,毛泽东文集,1
977,Crucial Conversations: Tools for Talking When Stakes Are High,2
978,乡关何处,4
979,别做梦了,1
980,天空草坡,2
981,我的青春小鸟,1
982,案情,1
983,暗恋,1
984,无题,1
985,世界末日那天,1
986,星星索,1
987,小学团体旅行,1
988,山茶文具店,5
989,人间便利店,1
990,蜗牛食堂,1
991,趁热品尝,1
992,四月女友,1
993,如父如子,1
994,如何学习,5
995,道乐吉学习方法,1
996,学习的策略,1
997,结构思考力,1
998,结构性思维,1
999,如何成为专家,1
1000,我们需要自学,1
1001,五轮书,3
1002,冬将军来的夏天,4
1003,杀鬼,1
1004,这本书让你戒烟,1
1005,我不是教你诈,4
1006,动物农场,11
1007,1Q84,10
1008,吃掉那只青蛙,1
1009,小强升职记,4
1010,好好学习,3
1011,大学之路,2
1012,霍乱,2
1013,富爸爸,3
1014,一个陌生女人的来信,16
1015,蔡康永的说话之道,3
1016,美丽新世界,20
1017,复原力,3
1018,延安整风运动的来龙去脉—红太阳是怎样升起的,1
1019,生命是长期而持续的累积,1
1020,高兴死了,3
1021,一禅小和尚,3
1022,一地鸡毛,2
1023,叔本华思想随笔,3
1024,不合时宜的思想,1
1025,棋王·树王·孩子王,1
1026,50位最伟大的心理学思想家,2
1027,天空的另一半,2
1028,人生十二法则,2
1029,我愿意舍弃一切，以想念你终此一生,2
1030,醒来觉得甚是爱你,2
1031,性史,1
1032,第二性,8
1033,一路两个人,1
1034,浮生漫谈,1
1035,戒律,3
1036,积极恋爱心理学,1
1037,谜男方法,1
1038,执迷：学会正常地爱与被爱,1
1039,流星旅行车,1
1040,萤火虫小巷,4
1041,致女儿的书,1
1042,我是你爸爸,1
1043,我是你儿子,1
1044,刀锋,14
1045,最后的歌,1
1046,1Q84（套装全3册）,1
1047,雪国,18
1048,十七世纪英国文学,1
1049,事实,2
1050,战国策,6
1051,弱传播,1
1052,经济学原理·微观经济学分册,1
1053,离骚,2
1054,简约至上:交互式设计四策略,1
1055,占有还是存在,1
1056,非理性的人,1
1057,故事课,2
1058,一本小小的红色写作书,3
1059,写作这回事,1
1060,如何有效阅读一本书：超实用笔记读书法,1
1061,但是还有书籍,1
1062,经济解释,3
1063,科学说需求,1
1064,物种起源,6
1065,一只iPhone的全球之旅,4
1066,21世纪经济报道,1
1067,一件T恤的全球之旅,1
1068,国史大纲,3
1069,白话本国史,1
1070,士与中国文化,3
1071,游民文化与中国社会,2
1072,潜规则,5
1073,游民文化于中国社会,1
1074,送你一颗子弹,6
1075,幽梦影,5
1076,解读基金：我的投资观与实践,1
1077,指数基金投资指南,2
1078,定投十年财务自由,1
1079,共同基金常识,1
1080,巴菲特致股东的信,4
1081,彼得·林奇的成功投资,1
1082,聪明的投资者,6
1083,耶路撒冷三千年,2
1084,叫魂,3
1085,炸裂志,1
1086,蛙,6
1087,沙丘,1
1088,创业在路上,1
1089,荒原狼,5
1090,欢乐英雄,2
1091,万寿寺,2
1092,红拂夜奔,5
1093,白银时代,4
1094,未来篇,1
1095,寻找无双,1
1096,失败者的春秋,2
1097,战国歧途,1
1098,肉食者不鄙,2
1099,有滋有味：我的厨艺人生,1
1100,大師糕點,1
1101,料理的1000个魔法,1
1102,重返狼群,6
1103,静静的山,1
1104,秦谜,1
1105,妈阁是座城,1
1106,blowing in the wind,1
1107,1453：君士坦丁堡的陷落,3
1108,1453——君士坦丁堡的陷落,1
1109,宽容,2
1110,政府论,6
1111,无价,1
1112,浅薄,1
1113,大西洋月刊,2
1114,定位,2
1115,广告时代,1
1116,社会契约论,11
1117,伦理学,3
1118,目送,16
1119,欢乐的经济学,1
1120,一九八四,4
1121,孙武兵法,1
1122,吴孙子兵法,1
1123,孙子兵书,1
1124,孙武兵书,1
1125,Facebook效应,1
1126,历史研究,1
1127,论美国的民主,3
1128,长尾理论,1
1129,菊花与刀,2
1130,山海经,11
1131,芙蓉镇,2
1132,乌合之众：大众心理研究,1
1133,红与黑,11
1134,战争论,5
1135,惠普之道,2
1136,玩偶之家,5
1137,生命是什么,3
1138,西方的没落,3
1139,论法的精神,3
1140,人的潜能和价值,1
1141,麦肯锡方法,2
1142,人月神话,1
1143,共产党宣言,7
1144,西行漫记,2
1145,西行漫记（红星照耀中国）,1
1146,西方美学史,1
1147,人间词话,11
1148,高卢战记,3
1149,战记,1
1150,怪诞行为学,4
1151,批评官员的尺度,1
1152,失控：机器、社会与经济的新生物学,1
1153,通往奴役之路,1
1154,爱因斯坦文集,2
1155,冰室合集,1
1156,明夷待访录,1
1157,性趣探秘,1
1158,钝感力,1
1159,失乐园,5
1160,连城诀,2
1161,庆余年,3
1162,荒野生存,1
1163,心流,6
1164,人体的故事,1
1165,运动改造大脑,1
1166,看不见的人,1
1167,内向性格的竞争力,2
1168,"When I Stop Talking, You&#39;ll Know I&#39;m Dead",1
1169,世界上最伟大的推销员,5
1170,选择的悖论,1
1171,创作者的日常生活,1
1172,谈判力,1
1173,马尔科姆·X自传,1
1174,道德动物,1
1175,专精力,1
1176,关于写作,2
1177,待宰的羔羊,3
1178,像里兹饭店那样大的钻石,3
1179,咆哮营的幸运儿,3
1180,世界的感觉,2
1181,好人难寻,2
1182,卡拉维拉县驰名的跳蛙,2
1183,穿夏裙的女孩,2
1184,与父亲的对话,2
1185,逮香蕉鱼的最佳日子,2
1186,泄密的心,3
1187,铁头,2
1188,当我们谈论爱情时我们在谈论什么,2
1189,书店老板,3
1190,詹姆斯与巨桃,1
1191,跳蛙,1
1192,所罗门之歌,3
1193,奥丽芙・基特里奇,1
1194,海滩一日,1
1195,奶奶的手,1
1196,脑子中的子弹,1
1197,我的前半生,3
1198,未央歌,4
1199,地球往事,1
1200,曾国藩治学方法,1
1201,往事并不如烟,3
1202,干校六记,1
1203,卡拉马佐夫兄弟,14
1204,中国知识分子群像——梁漱溟，储安平，王实味,1
1205,你一年的8760小时,5
1206,关键对话,7
1207,不能好好说话，是因为你不懂这几个技巧,1
1208,病隙碎笔,5
1209,约翰·克里斯多夫,1
1210,安娜卡列尼娜 ,1
1211,约翰克里斯朵夫,1
1212,鼠疫,6
1213,纳齐斯与戈德蒙,1
1214,小约翰,1
1215,约翰·克里斯朵夫,2
1216,战争与和平,9
1217,莫失莫忘,1
1218,论自由,4
1219,如何说孩子才会听，怎么听孩子才肯说,1
1220,魔戒,2
1221,龙枪编年史,2
1222,老子,8
1223,空想社会主义学说史,1
1224,社会主义改革史,1
1225,五篇哲学著作,1
1226,高难度对话：如何与挑剔的人愉快相处,2
1227,跟任何人都聊得来,1
1228,不为他人抓狂,1
1229,高难度对话,1
1230,挪威的森林,28
1231,欧也妮·葛朗台,1
1232,愿有人陪你颠沛流离,1
1233,我与世界只差一个你,1
1234,凡人,8
1235,给总理的101封信,1
1236,高兴死了！！！,1
1237,君主论,10
1238,文明的冲突与世界秩序的重建,2
1239,风格的要素,1
1240,政治学,3
1241,其实不识字,1
1242,复古思潮与中唐士人心态研究,1
1243,林泉高致评注,1
1244,佛教与中国传统文人生活,1
1245,解读旧制度与大革命,1
1246,浮士德博士,1
1247,汉字风云会,1
1248,认得几个字,2
1249,世界上最简单的会计书,3
1250,让数字说话：审计，就这么简单,1
1251,审计学：一种整合方法,1
1252,索耶内部审计：现代内部审计实务,1
1253,财务会计教程,1
1254,房地产开发企业会计与纳税实务,1
1255,财务报表分析,1
1256,财务报表分析与运用,1
1257,公司理财,2
1258,追逐日光,1
1259,山家清供,2
1260,书读完了,2
1261,道连格雷的画像,1
1262,爱的沟通,1
1263,全球通史：从史前史到21世纪,1
1264,社会学的邀请,1
1265,经济学原理·曼昆,1
1266,经济学十原理,1
1267,一句顶一万句,11
1268,我改变的事物,1
1269,羊道三部曲,2
1270,财务自由之路,2
1271,爆款文案写作公式,5
1272,舌尖上的中国,2
1273,走出帝制,1
1274,传统十论,1
1275,本周杂志,1
1276,穷爸爸，富爸爸,2
1277,"rich dad,poor dad",1
1278,Principles of economics,1
1279,市场营销学,1
1280,marketing an introduction,1
1281,怪诞行为学—可预测的非理性,1
1282,predictably irrational,1
1283,普通生物学,2
1284,梦断代码,1
1285,编程之道,1
1286,代码大全</p><p>8. 编码的奥秘 作者 : Charles Petzold/伍卫国/王宣政/孙燕妮 出版社 : 机械工业出版社 评语 : windstorm（计算机工程，嵌入式）推荐；come_god 说，什么都不说了，大家可以去找来看。神作！</p><p>9. 大众天文学(上下两册) 作者 : C.弗拉马里翁 出版社 : 广西师范大学出版社 评语 : Gerry（天文学）的推荐</p><p>10. 费恩曼物理学讲义（第1卷） 作者 : Richard P. Feynman/Robert B. Leighton/Matthew Sands 出版社 : 上海科学技术出版社 评语 : Yin Zhangqi推荐（量子光学）：用于学习现代物理学非常有帮助。如果想专门学习量子物理学，可以读第三卷，是入门的好教材；bullimit点评：经典，同时还可以结合阅读费曼的两本自传及QED这本演讲集来作为辅助入门读物。</p><p>11. 环境科学：全球关注 上下 作者 : 库宁汉姆 出版社 : 科学出版社 评语 : newgnaw（环境科学）：有中译本，虽然个别地方译的不是太好。比国内的各种教材入的深，出的浅，有趣得多。</p><p>12. 最大的小发明：螺丝与螺丝刀 作者 : 里布金斯基 出版社 : 百花文艺出版社 评语 : 霹雳东风（机械专业）推荐：前半部分有些学究考古的味道，没什么意思。后半部分被这个外行人道出了机械行业一个最关键的概念之一——精度。而且从螺丝的角度来讲精度，就相当于是从加工工艺的角度去讲。所以这本书相当靠谱。</p><p>13. 世界科学技术通史 作者 : 麦克莱伦第三 出版社 : 上海科技教育出版社 评语 : 吃瓜王（科学史）推荐</p><p>14. 建筑空间组合论（第三版） 作者 : 彭一刚 著 出版社 : 中国建筑工业出版社 评语 : chenglixiang88（建筑）：最后一章用处不大，这本书我现在还没读透</p><p>15. 《华尔街日报,1
1287,×××与生活,1
1288,伦理学与生活,1
1289,经济学与生活,1
1290,听音乐,1
1291,清洁与高雅,1
1292,改变世界的方程 ——牛顿爱因斯坦和相对论,1
1293,夸克,1
1294,古典作曲家排行榜,1
1295,博弈论基础,1
1296,博弈论,1
1297,机械设计手册,1
1298,风景园林设计要素,1
1299,金枝,2
1300,文化人类学,1
1301,在小吃店遇见凯恩斯,1
1302,弗里德曼的生活经济学,1
1303,魔鬼经济学啊等等,1
1304,假如给你一个亿,1
1305,不在他方,1
1306,狼图腾,18
1307,卢瑟经济学,4
1308,古拉格群岛,1
1309,汇编语言,2
1310,古文观止,8
1311,报任安书,1
1312,味至浓时即家乡,1
1313,深夜食堂,1
1314,人间草木·人物篇,1
1315,葡萄月令,1
1316,夏天的昆虫,1
1317,新校舍,1
1318,闻一多先生上课,1
1319,沈从文先生转业之谜,1
1320,老舍先生,1
1321,我的家乡,1
1322,一辈古人,1
1323,大清留美幼童记,1
1324,阿司匹林的传奇,1
1325,长安十二时辰,4
1326,"Gödel, Escher, Bach: An Eternal Golden Braid",1
1327,哥德尔、艾舍尔、巴赫——集异壁之大成,1
1328,GEB——一条永恒的金带,1
1329,长日将尽,2
1330,番茄工作法,1
1331,小狗钱钱2,1
1332,一枚古代硬币的两面,1
1333,晋书,2
1334,我不喜欢这世界，我只喜欢你,9
1335,留德十年,1
1336,牛棚杂忆,1
1337,清华园日记,1
1338,积存时间的生活,2
1339,明天也是小春日和,2
1340,每天都是小春日和,2
1341,人生果实,2
1342,当我遇见一个人,1
1343,Deep Work,1
1344,你不重要，你的喜欢很重要,1
1345,A Mind for Numbers,1
1346,Learning How to Learn,1
1347,内向者优势,1
1348,给经理人的第一课,1
1349,平行宇宙,2
1350,源泉,12
1351,阿特拉斯耸耸肩,3
1352,放学后,6
1353,生死疲劳,3
1354,我会像青草一样呼吸,1
1355,寂静的春天,3
1356,一个女人一生中的二十四小时,2
1357,茶花女,6
1358,情书,8
1359,简爱,11
1360,长恨歌,3
1361,第一推动丛书,1
1362,时间简史续编,1
1363,黑洞与时间弯曲,1
1364,霍金演讲录,1
1365,时空本性,1
1366,果壳里的60年,1
1367,时空里的未来,1
1368,千亿个太阳,1
1369,物理天文学前沿,1
1370,黑洞战争,1
1371,宇宙传记,1
1372,大宇之形,1
1373,宇宙的轮回,1
1374,死亡黑洞,1
1375,爱因斯坦的未完成交响曲,1
1376,大爆炸简史,1
1377,宇宙的琴弦,1
1378,宇宙的结构,1
1379,上帝与新物理学,1
1380,时间之箭,1
1381,终极理论之梦,1
1382,时间、空间和万物,1
1383,亚原子粒子的发现,1
1384,存在之轻,1
1385,不同的宇宙,1
1386,物理学的困惑,1
1387,量子之谜,1
1388,寻找希格斯粒子,1
1389,完美理论,1
1390,原子中的幽灵,2
1391,惊人的假说,1
1392,解码生命,1
1393,第二自然,1
1394,比天空更宽广,1
1395,生命的语言,1
1396,我们为什么会生病,2
1397,脑中魅影,1
1398,皇帝新脑,1
1399,四维旅行,1
1400,逻辑的引擎,1
1401,真理与美,1
1402,未来50年,1
1403,伽利略的手指,1
1404,实在终极之问,1
1405,下一步是什么,1
1406,复杂,2
1407,数学的意义,1
1408,复杂的引擎,1
1409,当我谈跑步时，我谈些什么,3
1410,且听风吟,2
1411,1973年的弹子球,2
1412,寻羊冒险记,5
1413,当我谈跑步时 我谈些什么,2
1414,我的职业是小说家,2
1415,当我谈跑步时我谈些什么,7
1416,当我谈跑步时  我谈些什么,1
1417,当我足够好，才会遇见你,1
1418,偷影子的人,7
1419,知更鸟女孩,1
1420,人民的民义,1
1421,人民的名义,1
1422,天生有罪,1
1423,集异璧,1
1424,表象与本质,1
1425,九故事,1
1426,战国史料编年辑证,1
1427,编年辑证,1
1428,新华词典,1
1429,国语,2
1430,追逐我的梦,5
1431,我是唱作人,1
1432,世界上没有真正的感同身受,1
1433,王小波全集,1
1434,一平方米的静心,1
1435,我要准时下班,2
1436,生存的十二條法則,1
1437,让创意更有黏性,1
1438,狐狸与葡萄,1
1439,活出意义来,1
1440,语言的魔力：谈笑间转变信念之NLP技巧,1
1441,雅舍小品,1
1442,将夜,4
1443,论语别裁,1
1444,论语今读,1
1445,叔本华论说文集,2
1446,为什么学生不喜欢上学,2
1447,共和·民主·宪政：自由主义思想研究 ,1
1448,制度、制度变迁与经济绩效,1
1449,将才,1
1450,将才２,1
1451,快乐的每一天,1
1452,快了的每一天,1
1453,告别天堂,2
1454,方与圆,3
1455,第七天,8
1456,完美世界,1
1457,全职高手,5
1458,邪王追妻,1
1459,上瘾,1
1460,长相思,1
1461,东周列国志,2
1462,三国演义,19
1463,时间的礼物,1
1464,外婆的道歉信,3
1465,熊镇,2
1466,黑糖匣,1
1467,风俗论,1
1468,英国1640年革命史,1
1469,伟大的德国农民战争,1
1470,草原帝国,1
1471,雪狮与龙,1
1472,跃迁,2
1473,单向度的人,1
1474,庄子,17
1475,怦然心动,4
1476,少年pi的奇幻漂流,3
1477,The one thing,1
1478,美国物理学杂志,1
1479,最后的伊甸园,1
1480,说故事的人最有影响力,1
1481,八十天环游世界,1
1482,江南三部曲,1
1483,人面桃花,1
1484,山河入梦,1
1485,春尽江南,1
1486,The Eighth Day of Creation,1
1487,创世第八天,1
1488,冰鉴,2
1489,智囊全集,3
1490,三言,1
1491,你在天堂遇见的五个人,2
1492,你在天堂里遇见的五个人,8
1493,达芬奇密码,6
1494,一日重生,2
1495,亲密的陌生人,1
1496,幸福的方法 ,1
1497,真实的幸福,1
1498,角儿,1
1499,飞鸟集,10
1500,先知,2
1501,坛经,4
1502,给青年诗人的信,4
1503,灰度决策,1
1504,向往的生活3,1
1505,燃点,1
1506,盖洛普优势识别码2.0,1
1507,风之影,1
1508,好的心理咨询师是什么样子（倾听篇）,1
1509,微电子概论,1
1510,半导体概论,1
1511,固体物理,1
1512,固体化学基础,1
1513,半导体物理,1
1514,半导体器件物理,1
1515,模拟集成电路的分析与设计,1
1516,数字集成电路,1
1517,专用集成电路设计方法,1
1518,半导体制造工艺基础,1
1519,半导体材料,1
1520,功率半导体器件：原理、特性和可靠性,1
1521,动物农庄,3
1522,人生最美是清欢,1
1523,自立,1
1524,心灵励志袖珍馆：自立,1
1525,幸得诸君慰平生,2
1526,堂吉柯德,1
1527,权利的游戏,1
1528,How Great Leaders Inspire Action,1
1529,杰士邦产品使用说明书,1
1530,谈艺录,3
1531,十一家注孙子,5
1532,乌合之众——大众心理研究,1
1533,狂热分子——群众运动圣经,1
1534,二手时间,2
1535,中国古代政治得失,1
1536,宋史·艺文志,1
1537,十家孙子会注,1
1538,十一家注本,1
1539,国民财富的性质和原因的研究（上卷）,1
1540,柔与韧,3
1541,用大师的思想丰富自己的生命,1
1542,那些见证和改变历史的人,1
1543,人物,1
1544,回到生活的原点,1
1545,采桑子,1
1546,伤逝,8
1547,彷徨,3
1548,禁地青春,1
1549,烧烤怪谈,1
1550,江湖丛谈,3
1551,盗墓笔记,8
1552,一个人的朝圣,10
1553,薛兆丰的经济学讲义,1
1554,华尔街日报是怎么讲故事的,1
1555,人生的枷锁,6
1556,我们,6
1557,小学问 : 解决你的7种人生焦虑,1
1558,小学问,1
1559,所有失去的都会以另一种方式归来,1
1560,好好学习：个人知识管理精进指南,1
1561,好好说话2：简单有效的高情商沟通术,1
1562,我在未来等你,1
1563,覆汉,1
1564,陈寅恪的最后20年,2
1565,一个人要像一支队伍,1
1566,新青年,1
1567,孽子,5
1568,三国志,6
1569,海底两万里,3
1570,慢煮生活,3
1571,大明文魁,1
1572,激荡四十年,1
1573,激荡十年，水大鱼大,2
1574,伯克毕生发展心理学,1
1575,从0岁到青少年,1
1576,从青年到老年,1
1577,癌症：真相 医生也在读,1
1578,而河马被淹死在水槽里,1
1579,而河马被煮死在水槽里,1
1580,诗经,15
1581,原道,1
1582,书语者,1
1583,流浪地球,3
1584,六国论,2
1585,阿旁宫赋,1
1586,波西杰克逊,1
1587,号角杂志,1
1588,哈利波特与魔法石,1
1589,科学小说年报,1
1590,科克斯评论,1
1591,书单,1
1592,学校图书馆期刊,1
1593,今日新闻报,1
1594,波西·杰克逊,1
1595,八次危机,3
1596,砰然心动整理收纳法,1
1597,楞严经,7
1598,大佛顶如来密因修证了义诸菩萨万行首楞严经,2
1599,中印度那烂陀大道场经,1
1600,愣严经,1
1601,爱与黑暗的故事,1
1602,寻路中国,3
1603,江城,4
1604,南方人物周刊,1
1605,中国图书馆分类法.简本,1
1606,天才在左 疯子在右 ,1
1607,笑场,2
1608,扯经,1
1609,丧失为人的资格,1
1610,凡人修仙传,1
1611,海边的卡夫卡,6
1612,再袭面包店,1
1613,女生徒,2
1614,野草,2
1615,秦腔,3
1616,丧钟为谁而鸣,1
1617,走出非洲,1
1618,伊豆的舞女,4
1619,金阁寺,6
1620,兄弟,19
1621,被埋葬的巨人,1
1622,乔布斯,2
1623,暗恋.橘生淮南,1
1624,不存在的女孩,2
1625,桑青与桃红,2
1626,裸猿,2
1627,人类动物园,1
1628,亲密行为,2
1629,献给阿尔吉侬的花束,2
1630,精神现象学,3
1631,大灭绝时代,1
1632,汤姆斯河,1
1633,大鸡,1
1634,创造自然,3
1635,超级版图,1
1636,极简宇宙史,3
1637,柔软的宇宙,1
1638,穿越平行宇宙,1
1639,无人驾驶,1
1640,吃货的生物学修养,1
1641,赶往火星,1
1642,我想飞进天空,1
1643,众病之王•癌症传,1
1644,癌症真相,1
1645,优雅的老去,1
1646,消失的微生物,2
1647,致命伴侣：在细菌的世界里求生,1
1648,最好的告别,8
1649,直视骄阳,2
1650,让时间治愈一切,1
1651,单身社会,1
1652,我在底层的生活,1
1653,白手起家,1
1654,转行,2
1655,战争与革命中的西南联大,2
1656,罗马帝国衰亡史,2
1657,罗马盛衰原因论,1
1658,天朝的崩溃：鸦片战争再研究,1
1659,隋唐制度渊源略稿,1
1660,世界小史,1
1661,爱弥儿,1
1662,由内而外的修养,1
1663,母爱的羁绊,1
1664,厌女：日本的女性嫌恶,1
1665,女性贫困,1
1666,堂吉诃徳,2
1667,北平无战事,1
1668,堂吉诃徳与哈姆雷特——命运的咽喉与双手,1
1669,基因传,1
1670,恶意,17
1671,新参者,4
1672,独居的一年,1
1673,房思琪,1
1674,斗破苍穹,5
1675,努力到XX拼搏到XX,1
1676,你坏！我不！嘤嘤嘤！,1
1677,恶童三部曲,1
1678,葡萄牙的高山,2
1679,你的孤独 虽败犹荣,1
1680,弟子规,2
1681,三字经,1
1682,四书,3
1683,伯纳黛特，你去哪,1
1684,逻辑学导论,1
1685,心理学导论,1
1686,社会学与生活,1
1687,控制论与科学方法论,2
1688,默克家庭诊疗手册,1
1689,红,2
1690,聊斋志异,4
1691,楚辞,4
1692,孟子,6
1693,牡丹亭,2
1694,追忆似水年华,6
1695,安娜卡列尼娜,2
1696,莎士比亚全集,4
1697,源氏物语,3
1698,肖申克的救赎,11
1699,走到人生边上：自问自答,1
1700,向死而生,2
1701,谈修养,3
1702,给青年的十二封信,5
1703,论意志和表象的世界,1
1704,当呼吸化为空气,4
1705,石灰吟,3
1706,二十首情诗和一首绝望的歌,1
1707,我喜欢你是寂静的,1
1708,今夜我可以写下最哀伤的诗句,1
1709,一支绝望的歌,1
1710,每日你与宇宙的光,1
1711,哈佛中国简史,1
1712,DK人体大百科,1
1713,李光耀观天下,1
1714,激荡十年，鱼大水大,1
1715,见识,8
1716,态度,3
1717,庄子说：自然的萧声,1
1718,刑赏忠厚之至论,1
1719,寒食帖,1
1720,念奴娇.赤壁怀古,1
1721,赤壁赋,1
1722,如何骂人,1
1723,牛津英汉双语词典,1
1724,欢乐,1
1725,持续的幸福,1
1726,活出最乐观的自己,1
1727,死缓,1
1728,茫茫黑夜漫游,1
1729,二十五史精华,1
1730,汉书,1
1731,左传选,1
1732,地北天南叙古今,1
1733,资本主义与二十一世纪,1
1734,黄河青山,1
1735,汴京残梦,1
1736,中国人史纲,1
1737,国史刚要,1
1738,从文明起源到现代化,1
1739,伟大的历史,1
1740,现代中国史,1
1741,中国简明史,1
1742,桥梁史话,1
1743,中亚古国史,1
1744,沿着古代中亚的道路,1
1745,另一半中国史,1
1746,王朝的背影,1
1747,中国文化史,1
1748,中国古代衣食住行,1
1749,中国古文化的奥秘,1
1750,江河万古流（中国文化巡礼）,1
1751,中国人的特性,1
1752,真正的中国佬,1
1753,中国心灵,1
1754,解析中国,1
1755,洛阳游记,1
1756,中国长城,1
1757,中国十八省府,1
1758,燕山楚水,1
1759,中国文明记,1
1760,横跨中国大陆---游蜀杂俎,1
1761,观光纪游 观光续纪 观光游草,1
1762,1862年上海日记,1
1763,北京纪事 北京纪游,1
1764,我的留学记,1
1765,唐汉解字,1
1766,书法讲座,1
1767,书法艺术答问,1
1768,文字的魅力,1
1769,王作新汉字结构系统与传统思维方式,1
1770,中国伊朗编,1
1771,西域余闻,1
1772,茶事遍路,1
1773,西康札记,1
1774,血酬定律,2
1775,天可汗时代,1
1776,岳飞传,1
1777,十一世纪的王安石,1
1778,历史很敏感,1
1779,仙骨佛心,1
1780,心经,1
1781,四十二章经,1
1782,楞伽经,2
1783,维摩诘经,1
1784,普贤行愿品,1
1785,大势至菩萨圆通章,1
1786,观世音菩萨普门品,1
1787,地藏菩萨本愿经,4
1788,太上感应篇,1
1789,文昌帝君阴骘文,1
1790,觉世真经,1
1791,孝道劝化真经,1
1792,五灯会元,1
1793,禅门慧语,1
1794,佛教常识问答,1
1795,禅海珍言,1
1796,禅语精选百篇,1
1797,学佛须知,1
1798,禅与心理分析,1
1799,楞严咒修学手册,1
1800,百喻经今译,1
1801,李叔同说佛,1
1802,弘一法师传,1
1803,项羽与刘邦,1
1804,蒙古纪闻,1
1805,蒙古高原行纪,1
1806,成吉思汗,1
1807,蒙古帝国史,1
1808,蒙古秘史,1
1809,蒙古往事,1
1810,苍狼,4
1811,蒙古苍狼,1
1812,拔都汗,1
1813,马可波罗游记,1
1814,朱元璋传,1
1815,历史的镜子,1
1816,万历传,1
1817,陆游传,1
1818,正说明朝十六帝,1
1819,大明王朝的七张面孔,1
1820,千年悖论,1
1821,白门柳,1
1822,晚明风月,1
1823,朱雀,2
1824,李自成,1
1825,少年天子,1
1826,雍正皇帝,4
1827,慈禧传,1
1828,袁世凯传,1
1829,曾国藩往来家书全编,1
1830,曾国藩 胡林翼治兵语录,1
1831,曾国藩全传,1
1832,张之洞,1
1833,杨度,1
1834,李鸿章回忆录,1
1835,胡雪岩全传,1
1836,再生香,1
1837,八大胡同,1
1838,乾隆韵事,1
1839,母子君臣,1
1840,百花洲,1
1841,晚清官场规则研究,1
1842,中国历史上的大阴谋,1
1843,中国历史上的贪官,1
1844,中国历史上的昏官,1
1845,官场现形记,1
1846,最近官场秘密史,1
1847,文明小史,1
1848,恨海,1
1849,情变,1
1850,新华春梦,1
1851,晚清宫廷生活见闻,1
1852,宫女谈往录,1
1853,苍穹之昴,1
1854,克拉维约东使记,1
1855,英使访华录,1
1856,海屯行纪,1
1857,鄂多立克东游记,1
1858,沙哈鲁遣使中国记,1
1859,辛亥革命回忆录,1
1860,北洋军阀史话,1
1861,民国演义,1
1862,近代诗百首,1
1863,孙中山与中国革命的起源,1
1864,建国方略,2
1865,李大钊散文,1
1866,蒋廷黻回忆录,1
1867,近代史资料,1
1868,中国与美国,1
1869,伟大的中国革命,1
1870,郑超麟回忆录,1
1871,双山回忆录,1
1872,李宗仁回忆录,1
1873,胡适口述自传,2
1874,五十年代的尘埃,1
1875,张发奎口述自传,1
1876,粉末春秋（汪精卫政权的登场与散场）,1
1877,文史资料选辑,1
1878,周恩来传,1
1879,上海：冒险家的乐园,1
1880,赛金花本事,1
1881,宋氏三姐妹,1
1882,我的一个世纪,1
1883,魔窟生涯,1
1884,萧乾传,2
1885,人生扫描,1
1886,封面中国,1
1887,大帅府秘闻,1
1888,近代稗海,1
1889,古春风楼琐记,1
1890,镜花水月,1
1891,书生本色的历史机缘,1
1892,民国那些事儿,1
1893,去趟民国,1
1894,原来如此,1
1895,民国了,1
1896,民国风度,2
1897,非常道,1
1898,毛泽东诗词选,1
1899,毛泽东,1
1900,长征,1
1901,解放战争,1
1902,1901,1
1903,我在旧中国十三年,1
1904,漫长的革命,1
1905,紫禁城上话中国,1
1906,长征：前所未闻的故事,1
1907,中国：我的第二故乡,1
1908,我的生活,2
1909,我所认识的蒋介石,1
1910,抗战时代生活史,1
1911,银元时代生活史,1
1912,津津有味谈,1
1913,儿时“民国”,1
1914,安顺旧事：一种城记,1
1915,小回忆,1
1916,唢呐烟尘,1
1917,空谷幽兰,3
1918,白云深处,1
1919,逝去的武林,1
1920,粉墨春秋,1
1921,梅兰芳谈艺录,1
1922,徐悲鸿谈艺录,1
1923,北大旧事,1
1924,北大故事,1
1925,上学记,1
1926,追忆逝水年华,1
1927,问学谏往录,1
1928,师友杂忆,1
1929,八十忆双亲,1
1930,没有不散的筵席,1
1931,往事,1
1932,教育在清华,1
1933,万里行记,1
1934,山水 思想 人物,1
1935,鲁迅评传,1
1936,天一阁人物谭,1
1937,人事新语,1
1938,听涛室人物谭,1
1939,曹聚仁文选,1
1940,书林新话,1
1941,曹聚仁散文选集,1
1942,曹聚仁集,1
1943,记者生活三十年,1
1944,我在六十岁以前,1
1945,西潮,3
1946,百岁忆往,1
1947,伶人往事,1
1948,刘氏女,1
1949,四手联弹,1
1950,二流堂纪事,1
1951,大雅宝旧事,1
1952,国学常识,1
1953,列子,1
1954,易经,11
1955,荀子,1
1956,阵纪,1
1957,黄石公三略,1
1958,鬼谷子,5
1959,韩非子,4
1960,商君书,3
1961,吕氏春秋,1
1962,新序,1
1963,吴越春秋,1
1964,反经,1
1965,西京杂记,2
1966,汉武帝别国洞冥记,1
1967,汉武帝内传,1
1968,汉武故事,1
1969,裴子语林,1
1970,殷芸小说,1
1971,古文小品咀华,1
1972,欧阳修文选读,1
1973,水经注,1
1974,搜神记,1
1975,洛阳伽蓝记,1
1976,颜氏家训,1
1977,六朝文絜,1
1978,文心雕龙,1
1979,陶渊明集,1
1980,梦溪笔谈,1
1981,闲雅小品集观,1
1982,古文鉴赏大辞典,1
1983,古代短简三百篇,1
1984,容斋随笔,1
1985,东京梦华录,1
1986,武林旧事,2
1987,东坡志林,1
1988,鹤林玉露,1
1989,梦梁录,1
1990,历代花鸟鱼虫论选,1
1991,帝京景物略,1
1992,郑板桥集,1
1993,闲情偶寄,1
1994,袁中郎随笔,1
1995,陈眉公小品,1
1996,徐霞客游记,1
1997,本草纲目,4
1998,遵生八笺,1
1999,板桥杂记,1
2000,三吴游览志,1
2001,钟惺散文选集,1
2002,王季重小品,1
2003,阅微草堂笔记,2
2004,扬州画舫录,1
2005,西湖游览志,1
2006,渑水燕谈录,1
2007,猗觉寮杂记,1
2008,懒真子,1
2009,南烬纪闻,1
2010,云麓漫钞,1
2011,过庭录,1
2012,龙川别志,1
2013,墨客挥犀,1
2014,睽车志,1
2015,墨庄漫录,1
2016,朝野类要,1
2017,涉史随笔,1
2018,五总志,1
2019,芦浦笔记,1
2020,岭外代答,1
2021,游宦纪闻,1
2022,妙香室丛话,1
2023,粤西丛载,1
2024,前徽录,1
2025,京尘杂录,1
2026,香饮楼宾谈,1
2027,归田琐记,1
2028,南省公余录,1
2029,退庵随笔,1
2030,鸥陂渔话,1
2031,吹网录,1
2032,茶余客话,1
2033,子不语,2
2034,三异笔谈,1
2035,谐铎,1
2036,萤窗异草,1
2037,庸闲斋笔记,1
2038,埋忧集,1
2039,埋忧续集,1
2040,墨余录,1
2041,南皋笔记,1
2042,胜饮编,1
2043,宋琐语,1
2044,澳门纪略,1
2045,海外纪事,1
2046,懿行,1
2047,酒令丛抄,1
2048,謏闻续笔,1
2049,七颂堂识小录,1
2050,国史补,1
2051,增广智囊补,1
2052,千百年眼,1
2053,枣林杂俎,1
2054,梅花草堂集,1
2055,榆巢杂识,1
2056,瞑庵杂识,1
2057,浪迹丛谈,1
2058,里乘,1
2059,茶香室丛抄,1
2060,淞滨琐话,1
2061,南漘楛语,1
2062,啸亭杂录,1
2063,大唐新语,1
2064,云溪友议,1
2065,因话录,1
2066,宣室志,1
2067,杜阳杂编,2
2068,东观奏记,1
2069,玉泉子,1
2070,广卓异记,1
2071,异闻总录,1
2072,洛阳搢绅旧闻记,1
2073,玉壶清话,1
2074,青箱杂记,1
2075,西溪丛语,1
2076,甲申杂记,1
2077,随手杂录,1
2078,夷坚志,1
2079,清波杂志,1
2080,九国志,1
2081,画墁集,1
2082,宜州家乘,2
2083,临汉隐居诗话,1
2084,东轩笔录,1
2085,洞霄图志,1
2086,古今纪要逸编,1
2087,宋季三朝政要,1
2088,中兴御侮录,1
2089,襄阳守城录,1
2090,补汉兵志,1
2091,耕禄稿,1
2092,钓矶立谈,1
2093,续夷坚志,1
2094,归潜志,1
2095,滹南诗话,1
2096,砚北杂志,1
2097,北轩笔记,1
2098,庶斋老学丛谈,1
2099,山居新话,1
2100,客杭日记,1
2101,古刻丛抄,1
2102,遂昌杂录,1
2103,浦阳人物记,1
2104,玉芝堂谈荟,1
2105,宋遗民录,1
2106,责备馀谈,1
2107,天香阁随笔,1
2108,潞水客谈,1
2109,画禅室随笔,1
2110,香乘,1
2111,识余,1
2112,澹生堂藏书约,1
2113,霞外麈谈,1
2114,西洋朝贡典录,1
2115,舌华录,1
2116,岛居随录,1
2117,云间据目抄,1
2118,涌幢小品,1
2119,明斋小识,1
2120,燕下乡睉录,1
2121,郎潜纪闻,1
2122,重论文斋笔录,1
2123,宋艳,1
2124,客窗闲话,1
2125,熙朝新语,1
2126,北东园笔录,1
2127,儒林公议,1
2128,江隣几杂志,1
2129,归田录,1
2130,冷斋夜话,1
2131,石林燕语,1
2132,蒙斋笔谈,1
2133,侯鲭录,1
2134,曲洧旧闻,1
2135,窃愤录,1
2136,能改斋漫录,1
2137,桯史,1
2138,愧郯录,1
2139,经筵玉音问答,1
2140,入蜀记,2
2141,野客丛书,1
2142,吴船录,1
2143,志雅堂杂抄,1
2144,吹剑录,1
2145,松窗百说,1
2146,宣和奉使高丽图经,1
2147,庆元党禁,1
2148,中吴纪闻,1
2149,搜采异闻录,1
2150,随隐漫录,1
2151,昨非庵日纂,1
2152,韵石斋笔谈,1
2153,海岳志林,1
2154,碧血录,1
2155,北行日谱,1
2156,虞初新志,1
2157,虞初续志,1
2158,坚瓠集,1
2159,香祖笔记,1
2160,池北偶谈,1
2161,字触,1
2162,蒿庵闲话,1
2163,广阳杂记,1
2164,渌水亭杂识,1
2165,苦瓜和尚画语录,1
2166,漫游纪略,1
2167,觚賸,1
2168,台湾外纪,1
2169,东城杂记,1
2170,聊斋志异拾遗,1
2171,今世说,1
2172,古欢堂集,1
2173,蜀都碎事,1
2174,蝶阶外史,1
2175,两般秋雨庵随笔,1
2176,壶天录,1
2177,夜雨秋灯录,1
2178,夜谭随录,1
2179,虫鸣漫录,1
2180,蜀碧,1
2181,初月楼闻见录,1
2182,清嘉录,2
2183,笑笑录,2
2184,冷庐杂识,1
2185,霜红龛杂记,1
2186,淞南梦影录,1
2187,康輶纪行,1
2188,闻见异辞,1
2189,此中人语,1
2190,西清笔记,1
2191,津门杂记,1
2192,咫闻录,1
2193,石渠随笔,1
2194,粤行纪事（附黔阗土司婚礼记）,1
2195,履园丛话,1
2196,猫苑,1
2197,溪上遗闻集录,1
2198,雨窗消意录,1
2199,听雨轩笔记,1
2200,锄经书舍零墨,1
2201,春在堂随笔,1
2202,荟蕞编,1
2203,耳邮,1
2204,黄孝子寻亲纪程,1
2205,虎口余生记,1
2206,黄山领要录,1
2207,大云山房杂记,1
2208,三借庐笔谈,1
2209,耳食录,1
2210,庸庵笔记,1
2211,金壶七墨,1
2212,萝庵游赏小志,1
2213,瓮牖余谈,1
2214,瀛濡杂志,1
2215,蜀难叙略,1
2216,志异续编,1
2217,乡言解颐,1
2218,吴下谚联,1
2219,天工开物,1
2220,齐民要术,1
2221,桐桥倚棹录,1
2222,梅谱,1
2223,菊谱,1
2224,王氏兰谱,1
2225,竹谱,1
2226,洛阳牡丹记,1
2227,陈州牡丹记,1
2228,天彭牡丹谱,1
2229,随园食单,4
2230,酒谱,1
2231,林泉高致、《燕都览古诗话,1
2232,笑林广记,1
2233,开元天宝遗事,1
2234,明皇杂录,1
2235,松窗杂录,1
2236,开天传信录,1
2237,本事诗,1
2238,剧谈录,1
2239,桂苑丛谈,1
2240,园冶,1
2241,长物志,1
2242,造园史纲,1
2243,启迪,1
2244,街道的美学,1
2245,蒙元入侵前夜的中国日常生活,1
2246,明清清言小品,1
2247,婆洛馆清言,1
2248,偶谈,1
2249,岩栖幽事,1
2250,小窗自纪,2
2251,荆园小语,1
2252,日记四种,1
2253,游居柿录,1
2254,甲行日注,1
2255,影梅庵忆语,1
2256,香畹楼忆语,1
2257,秋灯琐忆,1
2258,焚书,1
2259,四书评,1
2260,袁枚文选,1
2261,随园诗话,1
2262,陶庵梦忆,2
2263,西湖梦寻,1
2264,康熙,1
2265,前朝梦忆,1
2266,王氏之死,1
2267,大汗之国,1
2268,续茶经,1
2269,怡情四书,1
2270,瓶史,1
2271,声容,1
2272,殇政,1
2273,茶经,1
2274,中国世情小品大系3,1
2275,中国世情小品大系4,1
2276,中国世情小品大系5,1
2277,读书四观,1
2278,读书训,1
2279,读书止观录,1
2280,读书纪事,1
2281,先正读书诀,1
2282,藏书四记,1
2283,语录四种,1
2284,六事箴言,1
2285,朱子读书法,1
2286,曾胡治兵语录,1
2287,格言四种,1
2288,围炉夜话,1
2289,书林清话,1
2290,历代山水小品,1
2291,从文人之文到学者之文,1
2292,都是性灵食色,1
2293,妓女与文人,1
2294,奕人传,1
2295,追忆,1
2296,迷楼,1
2297,中国“中世纪”的终结,1
2298,画家生涯,1
2299,曲院风荷,1
2300,真水无香,1
2301,生命清供,1
2302,石涛研究,1
2303,游园惊梦,1
2304,古诗源,2
2305,乐府诗集,1
2306,宛在水中央,1
2307,我生之初尚无为,1
2308,闲坐说诗经,1
2309,一人独洒一江愁,1
2310,陆机集,1
2311,古今诗选,1
2312,汉魏六朝诗选,1
2313,中国女性诗歌粹编,1
2314,唐诗三百首,3
2315,唐诗三百首续选,1
2316,玉溪生诗集笺,1
2317,千家诗,1
2318,元曲三百首,1
2319,李商隐,1
2320,白居易集,1
2321,白居易传,1
2322,李太白集,1
2323,杜工部集,1
2324,樊川诗集,1
2325,王维诗选,1
2326,杜甫传,1
2327,李白与杜甫,1
2328,宋十大名家词,1
2329,唐宋八大家选,1
2330,元好问集,1
2331,宋诗选注,1
2332,唐宋词欣赏,1
2333,辛弃疾,1
2334,唐宋词简释,1
2335,东坡诗,1
2336,山谷诗,1
2337,宋诗鉴赏辞典,1
2338,东坡谈艺录,1
2339,顾随文集,1
2340,中国古典诗词感发,1
2341,伽陵论词丛稿,1
2342,古典诗词讲演集,1
2343,唐宋词名家论稿,1
2344,唐宋词十七讲,1
2345,汉魏六朝诗讲录,1
2346,词学十讲,1
2347,五代诗选,1
2348,花间集,1
2349,花间十六声,1
2350,绝妙好词笺,1
2351,苏轼集,1
2352,苏轼诗选,1
2353,苏东坡大传,1
2354,陆游诗选,1
2355,辛弃疾词选,1
2356,黄庭坚诗选,1
2357,范成大诗选,1
2358,姜夔诗词选,1
2359,白香词谱笺,1
2360,金圣叹诗文评选,1
2361,清八大名家词集,1
2362,龚自珍全集,1
2363,黄仲则诗选,1
2364,纳兰一派,1
2365,诗品,1
2366,瓯北诗话,1
2367,历代诗话小品,1
2368,黄庭坚和江西诗派,1
2369,清诗话,1
2370,历代词萃,1
2371,诗词例话,1
2372,中国文学欣赏举隅,1
2373,杜诗散译,1
2374,秋瑾诗文选,1
2375,新译红楼梦回批,1
2376,王国维蔡元培 鲁迅点评红楼梦,1
2377,红楼梦魇,1
2378,楼外谈红,1
2379,红楼梦女人新解,1
2380,私语红楼梦,1
2381,知味红楼,1
2382,红楼梦人物论,1
2383,说梦录,1
2384,周汝昌点评红楼梦,1
2385,曹雪芹小传,1
2386,红楼无限情,1
2387,红楼心解,1
2388,俞平伯说红楼梦,1
2389,唐宋词选释,1
2390,话说青楼,1
2391,话说奴婢,1
2392,话说媒人,1
2393,醒世姻缘传,1
2394,歧路灯,1
2395,9小豆棚选,1
2396,西游记,11
2397,西游补,1
2398,钟馗传,1
2399,一层楼,1
2400,西厢记,2
2401,孽海花,1
2402,镜花缘,3
2403,老残游记,1
2404,桃花扇,2
2405,泣红亭,1
2406,海上花列传,1
2407,海上花开,1
2408,唐宋传奇选,1
2409,文言小说名篇选,1
2410,何典,1
2411,金瓶梅人物,1
2412,中国戏曲选,1
2413,中国十大悲喜剧集,1
2414,太平广记选,1
2415,剪灯新话,1
2416,蜃楼志,1
2417,花柳深情传,1
2418,三言二拍,2
2419,九尾龟,1
2420,觉后禅,1
2421,浓情快史,1
2422,株林野史,1
2423,浪史奇观,1
2424,艳桃记,1
2425,痴婆子传,1
2426,风月鉴,1
2427,灯草和尚,2
2428,闹花丛,1
2429,怡情阵,1
2430,灯月缘,1
2431,禅真后史,1
2432,刘生觅莲记,1
2433,一片情,1
2434,巫梦缘,1
2435,杏花天,1
2436,玉香缘,1
2437,桃花影,1
2438,舞花吟,1
2439,意中情,1
2440,春灯闹,1
2441,灯花梦,1
2442,国色天香,1
2443,八段锦,1
2444,比目鱼,1
2445,燕子笺,1
2446,鸳鸯配,1
2447,雅观楼,1
2448,欢喜冤家,1
2449,珍珠舶,1
2450,武氏媚娘,1
2451,昭阳艳史,1
2452,五凤吟,1
2453,贪欣误,1
2454,天缘奇遇,1
2455,上妙传锦,1
2456,炎凉岸,1
2457,霞笺记,1
2458,秘戏图考,1
2459,中国古代房室养生集要,1
2460,吴昌硕,1
2461,巴黎茶花女遗事,1
2462,迦茵小传,1
2463,黑奴吁天录,1
2464,撒克逊劫后英雄略,1
2465,现身说法,1
2466,块肉余生述,1
2467,细说民国大文人,1
2468,现代散文鉴赏,1
2469,和钱钟书同学的日子,1
2470,周作人散文全编,1
2471,看云集,1
2472,瓜豆集,1
2473,药堂杂文,1
2474,秉烛谈,1
2475,艺术与生活,2
2476,老虎桥杂诗,1
2477,永日集,1
2478,苦雨斋序跋文,1
2479,周作人书信,1
2480,欧洲文学史,1
2481,药堂语录,1
2482,木片集,1
2483,儿童文学小论,1
2484,书房一角,1
2485,立春以前,1
2486,秉烛后谈,1
2487,夜读抄,1
2488,谈龙集,1
2489,知堂乙酉文编,1
2490,谈虎集,1
2491,苦口甘口,1
2492,药味集,1
2493,过去的工作,1
2494,鲁迅的故家,1
2495,饭后随笔,1
2496,苦茶随笔,1
2497,苦竹杂记,1
2498,风雨谈,1
2499,自己的园地,1
2500,雨天的书,1
2501,泽泻集,1
2502,鲁迅小说里的人物,1
2503,鲁迅的青年时代,1
2504,知堂回想录,1
2505,儿童杂事诗笺释,1
2506,知堂小品,1
2507,周作人书话,1
2508,周作人的是非功过,1
2509,周作人论,1
2510,周作人正传,1
2511,周作人传,1
2512,人在旅途,1
2513,周作人和他的苦雨斋,1
2514,走不出的门,1
2515,郁达夫文集,1
2516,郁达夫小说全集,1
2517,郁达夫散文全编,1
2518,一个人在途中,1
2519,卖文买书,1
2520,郁达夫年谱长编,1
2521,郁达夫传,1
2522,郁达夫之恋,1
2523,梁启超文存,1
2524,王国维文选,1
2525,潘光旦文集,1
2526,丁文江传,1
2527,胡适代表作,1
2528,胡适作品精选,1
2529,胡适学术文集哲学与文化,1
2530,胡适学术文集教育,1
2531,胡适留学日记,1
2532,藏晖室札记,1
2533,中国哲学史,2
2534,白话文学史,1
2535,胡适论红学,1
2536,人生大策略,1
2537,胡适周围,1
2538,胡适之先生晚年谈话录,1
2539,胡适与周氏兄弟,1
2540,胡适研究,2
2541,我的朋友胡适之,1
2542,胡适与韦莲司,1
2543,师门五年记 胡适琐记,1
2544,前世今生 何处适之,1
2545,鲁迅全集,3
2546,鲁迅书话,1
2547,鲁迅传,2
2548,鲁迅的故事,2
2549,说不尽的阿Q,1
2550,鲁迅读书记,1
2551,鲁迅家庭家族和当年绍兴民俗,1
2552,鲁迅故家的败落,1
2553,我的朋友鲁迅,1
2554,鲁迅批判,1
2555,司马迁之人格与风格,1
2556,道教徒的诗人李白极其痛苦,1
2557,我与文学及其它,1
2558,天资与修养,1
2559,悲剧心理学,1
2560,诗论,3
2561,朱光潜作品新编,1
2562,沈从文全集,1
2563,沈从文小说选,1
2564,从文自传,1
2565,湘行散记,1
2566,湘西,1
2567,记丁玲,1
2568,沈从文散文精编,1
2569,野人献曝,1
2570,龙凤艺术,1
2571,沈从文别集,1
2572,生之记录,1
2573,沈从文研究资料,1
2574,沈从文传,1
2575,从边城走向世界,1
2576,沈从文评传,1
2577,沈从文名作欣赏,1
2578,从文学刊,1
2579,黄永玉艺术随笔,1
2580,比我老的老头,1
2581,黄永玉自述,1
2582,无愁河的浪荡汉子,1
2583,合肥四姊妹,1
2584,汪曾祺散文,1
2585,蒲桥集,1
2586,晚翠文谈新编,1
2587,异秉,1
2588,晚饭花集,1
2589,第四病室,1
2590,寒夜,1
2591,家,4
2592,春,4
2593,求,1
2594,灭亡,1
2595,新生,1
2596,巴金选集,2
2597,海的梦,1
2598,憩园,1
2599,春天里的秋天,1
2600,随想录,1
2601,巴金散文精编,1
2602,巴金书话,1
2603,朱自清全集,1
2604,朱自清散文,1
2605,论雅俗共赏,1
2606,经典常谈,1
2607,语文影及其他,1
2608,张爱玲文集,1
2609,小团圆,1
2610,私语张爱玲,1
2611,海上花开又花落,1
2612,张爱玲传,2
2613,色戒,1
2614,禅是一枝花,1
2615,中国文学诗话,1
2616,今生今世,2
2617,山河岁月,1
2618,闲愁万种,1
2619,今日何日兮,1
2620,心经随喜,1
2621,华学科学与哲学,1
2622,萧红散文全编,1
2623,呼兰河传,7
2624,生死场,5
2625,小城三月,2
2626,萧红传,1
2627,科尔沁旗草原,1
2628,初吻,1
2629,大地,2
2630,儿子,1
2631,分家,1
2632,丰子恺文集,1
2633,梁实秋散文,1
2634,梁实秋读书札记,1
2635,闻一多作品精选,1
2636,闻一多代表作,2
2637,唐诗杂论,2
2638,诗与批评,1
2639,辜鸿铭文集,1
2640,辜鸿铭笔下的名人 名人笔下的辜鸿铭,1
2641,蔡元培文选,1
2642,国民修养二种,1
2643,中学修身教科书,1
2644,华工学校讲义,1
2645,李广田散文,1
2646,冰心文集,1
2647,关于女人,1
2648,冰心散文选集,1
2649,许地山选集,1
2650,许地山散文,1
2651,徐志摩文集,1
2652,徐志摩散文全集,1
2653,徐志摩书信全集,1
2654,徐志摩的诗,1
2655,老实人,3
2656,曼殊斐尔小说集,1
2657,玛丽玛丽,1
2658,涡堤孩,1
2659,徐志摩译诗集,2
2660,徐志摩评传,1
2661,云游,3
2662,八月的忧愁,1
2663,梁思成林徽因讲建筑,1
2664,梁思成林徽因与我,1
2665,林徽因与梁思成,1
2666,凌叔华经典作品,1
2667,苏青经典作品,1
2668,真假皇帝,2
2669,书带集,1
2670,梓翁说园,1
2671,老舍选集,1
2672,老舍经典,1
2673,老舍散文选集,1
2674,老舍作品精选,1
2675,人兽鬼,1
2676,管锥篇,1
2677,钱钟书散文,1
2678,写在人生边上,2
2679,人生边上的边上,1
2680,石语,1
2681,中国文学史,1
2682,杨绛散文,1
2683,杨绛作品精选,1
2684,戴望舒全集,1
2685,戴望舒诗全编,1
2686,未完成的忏悔录,1
2687,叶灵凤散文,1
2688,读书随笔,1
2689,叶灵凤书话,1
2690,世界性俗丛谈,1
2691,梦之谷,1
2692,萧乾散文,1
2693,萧乾散文特写选,1
2694,北京城杂忆,1
2695,鬼恋,1
2696,风萧萧,1
2697,田汉代表作,1
2698,名优之死,1
2699,梁遇春散文全编,1
2700,郑振铎读本,1
2701,西谛书话,1
2702,海燕,1
2703,文学史纲,1
2704,西行书简,1
2705,山中杂记,1
2706,欧行日记,1
2707,聂绀弩全集,1
2708,聂绀弩还活着,1
2709,张竞生文集,1
2710,洵美文存,1
2711,花一般的罪恶,1
2712,贵族区,1
2713,儒林新史,1
2714,不能说谎的职业,1
2715,一朵朵玫瑰,1
2716,经历,1
2717,韬奋文录,1
2718,邹韬奋散文,1
2719,生活的艺术,5
2720,吾国吾民,1
2721,从异教徒到基督徒,1
2722,辉煌的北京,1
2723,林语堂散文选集,1
2724,京华烟云,4
2725,瞿秋白诗文选,1
2726,石秀之恋,1
2727,灯下集,1
2728,中书集,1
2729,朱湘散文,1
2730,废园,1
2731,苏雪林散文,1
2732,棘心,1
2733,谢冰莹散文选集,1
2734,一个女兵的自传,1
2735,卢隐散文,1
2736,卢隐小说精选,1
2737,石评梅大全集,1
2738,丰收,1
2739,叶紫散文选集,1
2740,山雨,1
2741,叶圣陶卷,1
2742,文章例话,1
2743,叶圣陶作品精选,1
2744,夜航集,1
2745,阿英书话,1
2746,平屋杂文,1
2747,西湖漫拾,1
2748,西滢闲话,1
2749,徐迟文集,1
2750,唐弢散文选集,1
2751,唐弢书话,1
2752,晦庵书话,1
2753,堕名,1
2754,曹禺代表作,1
2755,废名短篇小说集,1
2756,悲凉的乡土,1
2757,寻梦者,1
2758,村野恋人,1
2759,孙犁代表作,1
2760,风云初记,1
2761,晚华集,1
2762,秀露集,1
2763,芸斋梦余,1
2764,孙犁书话,1
2765,夜谭十记,1
2766,吴伯萧散文选,1
2767,傅雷书简,1
2768,世界美术名作二十讲,1
2769,与傅聪谈音乐,1
2770,傅雷别传,1
2771,旧燕,1
2772,张中行近作集,1
2773,桑榆自语,1
2774,文言津逮,1
2775,陈原散文,1
2776,书和人和我,1
2777,乡土重建,1
2778,重访英伦,1
2779,龙虫并雕斋琐语,1
2780,中国古代文化史讲座,1
2781,未晚斋杂览,1
2782,浮光掠影看平生,1
2783,子夜,1
2784,蚀,1
2785,林家铺子,1
2786,茅盾散文速写集,1
2787,茅盾短篇小说集,1
2788,何其芳散文选集,1
2789,画梦录,1
2790,何其芳选集,1
2791,夏衍选集,1
2792,懒寻旧梦录,1
2793,夏衍散文,1
2794,淘金记,1
2795,困兽记,1
2796,还乡记,1
2797,张天翼短篇小说选集,1
2798,艾芜短篇小说选,1
2799,南行记,1
2800,一条河流般的忧郁,1
2801,英人法人中国人,1
2802,周立波选集,1
2803,暴风骤雨,1
2804,太阳照在桑亁河上,1
2805,丁玲小说精选,1
2806,丁玲散文名篇,1
2807,丁玲文萃,1
2808,为奴隶的母亲,1
2809,二月,1
2810,柔石小说精选,1
2811,生人妻,1
2812,无名氏散文,1
2813,野兽野兽野兽,1
2814,北极风情画,1
2815,塔里的女人,1
2816,塞上行,1
2817,黄裳散文,1
2818,黄裳书话,1
2819,旧戏新谈,1
2820,寻找自我,1
2821,厚黑学,5
2822,妄谈,1
2823,白石老人自述,1
2824,齐白石诗集,1
2825,建塔者,1
2826,龙坡杂文,1
2827,我的母亲,1
2828,中国古典小说,1
2829,文学的前途,1
2830,现代文人剪影,1
2831,民间文学丛谈,1
2832,艺境,1
2833,我和艺术,1
2834,这不过是春天,1
2835,关于罗丹,1
2836,忧郁的解剖,1
2837,英诗的境界,1
2838,英国诗史,1
2839,英国散文的流变,1
2840,心智文采,1
2841,彷徨中的冷静,1
2842,姜德明书话,1
2843,咫尺天颜应对难,1
2844,燕山夜话,1
2845,人啊，人！,1
2846,诗人之死,1
2847,男人传,1
2848,女人传,1
2849,身体传,1
2850,心灵挽诗,1
2851,生命圣经,1
2852,我的情人们,1
2853,上海的风花雪月,1
2854,木已成舟,1
2855,上海色拉,1
2856,咖啡苦不苦,2
2857,独自跳舞,1
2858,前世今生,2
2859,上海的女儿,1
2860,古船,1
2861,九月寓言,1
2862,家族,1
2863,我的田园,1
2864,外省书,1
2865,芳心似火,1
2866,书院的思与在,1
2867,冬天的阅读,1
2868,张炜读本,1
2869,贾平凹散文自选集,1
2870,商州,1
2871,静水流深,1
2872,我是农民,1
2873,老西安,1
2874,西路上,1
2875,红高粱,3
2876,姑妈的宝刀,1
2877,我的高密,1
2878,说吧，莫言,1
2879,爱，戒,1
2880,我的丁一之旅,1
2881,心灵史,1
2882,周国平散文选集,1
2883,风中的纸屑,1
2884,各自的朝圣路,3
2885,最后的浪漫主义者,1
2886,地方性知识,1
2887,身边的江湖,2
2888,河东辑,1
2889,梁衡理性散文,1
2890,觅渡,1
2891,旧宫殿,1
2892,江南：不沉之舟,1
2893,北方：奔跑的大陆,1
2894,米尼,1
2895,纪实和虚构,1
2896,天香,1
2897,伪满洲国,1
2898,额尔古纳河右岸,4
2899,白雪的墓园,1
2900,迟子建散文,1
2901,曹文轩精选集,1
2902,草房子,5
2903,梦见甜橙树,1
2904,青铜葵花,2
2905,红瓦,1
2906,一个人的战争,1
2907,尘埃落定,9
2908,山南水北,1
2909,马桥词典,1
2910,青铜时代,2
2911,访问梦境,1
2912,重返家园,1
2913,黄雀记,1
2914,血色黄昏,1
2915,农历,1
2916,花雨,1
2917,垂钓于时间之河,1
2918,行云流水,1
2919,汉口租界,1
2920,熬至滴水成珠,1
2921,生活秀,1
2922,怀念声名狼藉的日子,1
2923,嘴唇里的阳光,1
2924,南街村话语,1
2925,温暖和百感交集的旅程,1
2926,扶桑,3
2927,严歌苓作品精选,1
2928,南方有嘉木,1
2929,爱茶者说,1
2930,这一代人的怕和爱,1
2931,文化苦雨,1
2932,山居笔记,2
2933,湮没的辉煌,2
2934,旅人书,1
2935,贝多芬之魂,1
2936,科学·艺术·哲学断想,1
2937,一切因你而值得,1
2938,私语书,1
2939,因自由而美丽,1
2940,爱情是风,1
2941,提笔就老,1
2942,日本耳语,1
2943,碎舞,1
2944,说我爱你,1
2945,成年礼,1
2946,女神之名,1
2947,雕花马鞍,1
2948,素年锦时,1
2949,清醒纪,1
2950,春宴,1
2951,低眉,1
2952,风吹浮世,1
2953,世有桃花,1
2954,美人何处,1
2955,观音,1
2956,陌上花开,1
2957,白露为霜——一个人的二十四节气,1
2958,她们谋生亦谋爱,1
2959,我的阿勒泰,2
2960,冬牧场,1
2961,走夜路请放声歌唱,1
2962,山水叶子,1
2963,一个人的草木诗经,1
2964,低语,1
2965,爱的罗曼史,1
2966,庭院,1
2967,乡关回望,1
2968,一个人的村庄,6
2969,在新疆,1
2970,守望家园,1
2971,梦在世纪之交,1
2972,空山疯雨,1
2973,高榻,1
2974,动物哲学,1
2975,掌心化雪,1
2976,梵澄先生,1
2977,咏叹人生,1
2978,随草绿天涯,1
2979,心灵的驿站,1
2980,尘封的风景,1
2981,活在微笑中,1
2982,周瘦鹃文集,1
2983,船菜·花酒·蝴蝶会,1
2984,徒步者随录,1
2985,词的变奏,1
2986,不原谅历史,1
2987,独行者说,1
2988,当代中国作家随笔精选,1
2989,散文,1
2990,神的笑声,1
2991,写给梦中的情人,1
2992,中国散文年选2011年选,1
2993,百年百篇经典微型小说,1
2994,仓央嘉措诗传,1
2995,无计花间住,1
2996,终朝采绿,1
2997,第二壶茶,1
2998,冬夜小札,1
2999,捞针集,1
3000,酿一碗怀旧的酒,1
3001,听风楼读书记,1
3002,川上集,1
3003,花木丛中人常在,1
3004,书林独步,1
3005,书人心语,1
3006,书苑雅奏,1
3007,书斋漫话,1
3008,我为书狂,1
3009,藏书的乐趣,1
3010,书梦依旧,1
3011,旧时书坊,1
3012,茶人茶话,1
3013,托尔金的袍子,1
3014,为什么读书,1
3015,夜晚的书斋,1
3016,书情书色,1
3017,我书,1
3018,生涯一蠹鱼,1
3019,东西两场访书记,1
3020,京华忆往,2
3021,锦灰三堆,1
3022,马未都说收藏,1
3023,守望砚田,1
3024,漆水寻梦,1
3025,走进陶瓷,1
3026,故纸犹香,1
3027,钱神意蕴,1
3028,性格组合论,1
3029,华夏美学,1
3030,美学四讲,1
3031,思辨随笔,1
3032,午夜的幽光,1
3033,迷茫的大地,1
3034,范曾散文三十三篇,1
3035,棋盘园主义,1
3036,种瓜得豆,1
3037,医学是什么东西,1
3038,花香笔不香,1
3039,苦难与辉煌,1
3040,坚守与薪传,1
3041,才情与风范,1
3042,西迁与东还,1
3043,中国现代散文诗选,1
3044,现代散文诗选,1
3045,蔚蓝色天空的黄金,1
3046,2003年中国年度最佳随笔,1
3047,小说名家散文百题,1
3048,群山之上,1
3049,泥土的摩挲,1
3050,逼视的眼神,1
3051,眉批天空,1
3052,如此人间,1
3053,人类素描,1
3054,知者不言,1
3055,万象,2
3056,中国现代散文史稿,1
3057,现代六十家散文札记,1
3058,神与人,1
3059,诱惑与冲突,1
3060,哲理诗鉴赏,1
3061,南社诗选,1
3062,中国新诗库,1
3063,中国十四行体诗选,1
3064,陈敬容诗文集,1
3065,艾青诗选,1
3066,臧克家诗选,1
3067,霞楼梦笛,1
3068,九叶派诗选,1
3069,象征派诗选,1
3070,现代派诗选,1
3071,新月派诗选,1
3072,五四以来电影歌曲选集,1
3073,刘大白诗集,1
3074,七月诗选,1
3075,梦家诗集,1
3076,席慕容诗歌精品,1
3077,时光九篇,1
3078,超越世纪,1
3079,台湾诗选,1
3080,台湾女诗人三十家,1
3081,海子的诗,1
3082,顾城的诗,1
3083,西川的诗,1
3084,于坚的诗,1
3085,昌耀,1
3086,五人诗选,1
3087,朦胧诗精选,1
3088,最后的谣曲,1
3089,中华诗歌百年精华,1
3090,戈麦的诗,1
3091,翟永明的诗,1
3092,冯至代表作,1
3093,野兽,1
3094,张枣随笔选,1
3095,台湾散文选萃,1
3096,台湾散文选,1
3097,李敖回忆录,1
3098,李敖快意恩仇录,1
3099,传统下的独白,1
3100,冷眼看台湾,1
3101,中国性研究与命研究,1
3102,国民党研究,1
3103,民进党研究,1
3104,李敖千秋评论丛书,1
3105,丑陋的烙印,1
3106,婚姻与情话,1
3107,黑夜的思索,1
3108,斗士与镣铐,1
3109,余光中散文选集,1
3110,乡愁,1
3111,白先勇自选集,1
3112,杀夫,1
3113,琉璃瓦,1
3114,行过洛津,1
3115,风前尘埃,1
3116,千江有水千江月,1
3117,简媜散文,1
3118,下午茶,1
3119,水问,1
3120,只缘身在此山中,1
3121,女儿红,1
3122,私房书,1
3123,微晕的树林,1
3124,空灵,1
3125,旧情复燃,1
3126,天涯海角,1
3127,胭脂盆地,1
3128,梦游书,1
3129,我的宝贝,1
3130,文学风流,1
3131,张晓风散文,1
3132,丽人行,1
3133,魔季,1
3134,步下红毯之后,1
3135,星星都已经到齐了,1
3136,玉想,1
3137,色识,1
3138,林清玄散文,1
3139,王鼎钧散文,1
3140,张继高散文,1
3141,大地的事,1
3142,青田街七巷六号,1
3143,讨山记——一个女子与土地的深情纪事,1
3144,城南旧事,10
3145,英子的心,1
3146,吴浊流小说选,1
3147,亚细亚的孤儿,1
3148,原乡人,1
3149,巫言,1
3150,有所思，乃在大海南,1
3151,击壤歌,1
3152,采薇歌,1
3153,好天气谁给题名,1
3154,台湾幽默散文选,1
3155,八十年代台湾散文选,1
3156,巨流河,5
3157,理想的下午,1
3158,流浪集,1
3159,门外汉的京都,1
3160,台北小吃札记,1
3161,京都一年,3
3162,读中文系的人,1
3163,拟古,1
3164,回首,1
3165,世间的名字,1
3166,神雕侠侣,3
3167,倚天屠龙记,3
3168,碧血剑,1
3169,雪山飞狐,1
3170,飞狐外传,1
3171,我与金庸的战争,1
3172,今朝风日好,1
3173,董桥散文,1
3174,董桥小品,1
3175,从前,1
3176,品味历程,1
3177,旧情解构,1
3178,博览一夜书,1
3179,人道是伤春悲秋不长进,1
3180,记得,1
3181,青玉案,1
3182,你一定要看董桥,1
3183,哥伦比亚的倒影,1
3184,爱默生家的恶客,1
3185,生死桥,2
3186,霸王别姬,4
3187,青蛇,2
3188,我读我在,1
3189,小思散文,1
3190,通识中国文学,1
3191,入唐求法巡礼行记,2
3192,日本史记,2
3193,武士道,2
3194,日本人与日本传统文化,2
3195,叶隐闻书,2
3196,面具下的日本人,2
3197,落花一瞬,2
3198,和歌美学,2
3199,日本文化史,2
3200,“浮世草子”的婚恋世界,2
3201,花鸟风月的绝唱,2
3202,十七音的世界,2
3203,俳句的魅力,2
3204,小仓百人一首,2
3205,没有经卷的宗教,2
3206,悟化的生命哲学,2
3207,艺伎,2
3208,日本日记,2
3209,日本人,2
3210,日本论,2
3211,一日江户人,2
3212,近世日本的日常生活,2
3213,看日本：逝去的面影,2
3214,图说日本住居生活史,2
3215,日本手工艺,2
3216,民艺四十年,2
3217,工艺文化,2
3218,留住手艺,2
3219,民间传承论,2
3220,乡土生活研究法,2
3221,远野物语,2
3222,日本昔语,2
3223,日本怪谈录,2
3224,柳田国男描绘的日本,2
3225,日本的手工艺,2
3226,东京下町职人生活,2
3227,日本料理的社会史,2
3228,日本物哀,2
3229,日本幽玄,2
3230,日本风雅,2
3231,日本意气,2
3232,茶之书,2
3233,中国的美术及其他,2
3234,成熟的江户,2
3235,东京思路,2
3236,福泽谕吉自传,2
3237,江户日本,2
3238,平安日本,2
3239,物语日本,2
3240,战国日本,2
3241,幕府将军,2
3242,日本文学史,2
3243,东瀛百鬼,2
3244,妖怪玩物志,2
3245,大奥之奥,2
3246,黑潮,2
3247,德富芦花散文选,2
3248,新源氏物语,2
3249,光源氏钟爱的女人们,2
3250,日本格调,2
3251,万叶集精选,2
3252,十三夜,2
3253,奥洲小道,2
3254,方丈记,2
3255,徒然草,2
3256,北越雪谱,2
3257,王朝女性日记,2
3258,好色一代男,2
3259,好色一代女,2
3260,金色夜叉,2
3261,永井荷风散文选,2
3262,断肠亭记,2
3263,法兰西物语,2
3264,美利坚物语,2
3265,永井荷风选集,2
3266,舞女,2
3267,浮世理发馆,2
3268,浮世澡堂,2
3269,平家物语,4
3270,竹取物语,2
3271,落洼物语,2
3272,雨月物语,2
3273,春雨物语,2
3274,伊势物语,2
3275,小泉八云散文选,2
3276,日本魅影,2
3277,东方之魅,2
3278,和风之心,2
3279,旧都的味道,2
3280,棉被,2
3281,临终的眼,2
3282,彩虹几度,2
3283,天授之子,2
3284,川端康成小说选,2
3285,睡美人,2
3286,东山魁夷散文选,2
3287,东山魁夷散文精选,2
3288,二叶亭四迷小说集,2
3289,爱的饥渴,2
3290,禁色,2
3291,春雪,2
3292,萨德侯爵夫人,2
3293,叶隐入门,2
3294,斜阳,2
3295,御伽草纸,3
3296,阴火,2
3297,奔跑吧梅勒斯,2
3298,盛开的樱花林下,2
3299,白痴,2
3300,魔鬼的无聊,2
3301,都会中的孤岛,2
3302,奥林匹斯之果,2
3303,夫妻善哉,2
3304,世相,2
3305,逆旅---竹久梦二的世界,2
3306,陆拾柒目,2
3307,伍拾叁次,2
3308,东海道徒步旅行记,2
3309,舞姬,3
3310,细雪,3
3311,痴人之爱,5
3312,疯癫老人日记,2
3313,恶魔,2
3314,阴翳礼赞,2
3315,风流樱花雨,2
3316,日本散文经典,2
3317,日本散文精品,2
3318,日本随笔经典,2
3319,雁寺,2
3320,五号街夕雾楼,2
3321,红花物语,2
3322,新珠,2
3323,珍珠夫人,2
3324,世界尽头与冷酷仙境,4
3325,舞舞舞,2
3326,国境以南太阳以西,2
3327,斯普特尼克恋人,2
3328,好风长吟,2
3329,复乐园,2
3330,一片雪,2
3331,泡与沫,2
3332,樱花树下,2
3333,情人的苦恋,2
3334,花逝,2
3335,化妆,2
3336,流冰之旅,2
3337,紫丁香冷的街道,2
3338,紫阳花日记,2
3339,浮休,2
3340,轻率恋爱又何妨,2
3341,男人这东西,5
3342,日本短篇小说选,4
3343,苍氓,2
3344,日本天皇的阴谋,2
3345,情窦初开,2
3346,造园的人,2
3347,女人的路,2
3348,放浪记,2
3349,晚菊,2
3350,浮云,2
3351,邂逅之森,2
3352,孤独的周末,2
3353,黑岛传治短篇小说选,2
3354,性的人,2
3355,同时代的游戏,2
3356,青年的污名,2
3357,女人为谁而活,2
3358,恶女手记,2
3359,明与暗,2
3360,心,3
3361,门,2
3362,三四郎,2
3363,虞美人草,2
3364,十夜之梦,2
3365,孔子,2
3366,敦煌,2
3367,浪人,2
3368,幽灵棚子,2
3369,紫鲤鱼,2
3370,阿文的魂魄,2
3371,正雪绘马,2
3372,春天雪融时,2
3373,鹰的去向,2
3374,夜叉神堂,2
3375,妖狐传,2
3376,雷兽与蛇,2
3377,柠檬,2
3378,天璋院笃姬,2
3379,一弦琴,2
3380,笃姬,2
3381,生活在海上的人们,2
3382,德川家康,2
3383,织田信长,2
3384,明治天皇,2
3385,丰臣家族,2
3386,关原之战,2
3387,源义经,2
3388,燃烧吧！剑,2
3389,德川十五代,2
3390,江户大名,2
3391,宫本武藏,2
3392,日本剑侠宫本武藏,2
3393,丰臣秀吉,2
3394,源赖朝,2
3395,上杉谦信,2
3396,武田信玄,2
3397,黄昏清兵卫,2
3398,真田幸村,2
3399,战国旋风记,2
3400,花之庆次,2
3401,天地人,2
3402,树影谭,2
3403,中华名物考,2
3404,对中国文化的乡愁,2
3405,日本卷,3
3406,武则天,2
3407,武则天女皇之路,2
3408,书斋闲话,2
3409,幸田露伴散文选,2
3410,岛崎藤村散文选,2
3411,石川啄木诗歌集,2
3412,第八号妓院,2
3413,望乡,2
3414,非色,2
3415,木偶净琉璃,2
3416,日本中篇小说经典,2
3417,风流佛,2
3418,青梅竹马,2
3419,完美的蔷薇,2
3420,春琴抄,2
3421,潮骚,2
3422,天上的葫芦花,2
3423,日本当代小说选,2
3424,枯木风景,2
3425,高野圣僧,2
3426,没有太阳的街,2
3427,芥川龙之介全集,2
3428,一个人的好天气,3
3429,温柔的叹息,2
3430,魂,2
3431,东京昆虫物语,2
3432,宰相之妻,2
3433,拜伦传,2
3434,思想 山水 人物,2
3435,沉重的岁月,2
3436,假面人物,2
3437,踩蛇,2
3438,幻色江户历,2
3439,一朵桔梗花,2
3440,日下书,2
3441,日下随笔,2
3442,浮世物语,2
3443,日本四季,2
3444,万物简史,2
3445,世界简史,3
3446,世界是平的,2
3447,黄金草原,1
3448,世界艺术史,1
3449,人的解放,1
3450,人类的艺术,1
3451,人类的故事,1
3452,文明的开端,1
3453,奇迹与人,1
3454,房龙论人,1
3455,音乐的故事,2
3456,地球的故事,1
3457,与世界伟人谈心,1
3458,房龙图说,1
3459,私人生活史,1
3460,家庭史,1
3461,古代世界史,1
3462,历史,2
3463,伯罗奔尼撒战争史,1
3464,希腊的生活观,1
3465,古代的希腊,1
3466,古希腊风化史,1
3467,罗马史,1
3468,编年史,1
3469,罗马国史大纲,1
3470,吉本自传,1
3471,古代的罗马,1
3472,古罗马人的欢娱,1
3473,古罗马风化史,1
3474,论农业,1
3475,罗马十二帝王传,1
3476,希腊罗马名人传,1
3477,云,1
3478,马蜂,1
3479,埃斯库罗斯悲剧全集,1
3480,古希腊戏剧选,1
3481,贤君的世纪,1
3482,臭名昭著的皇帝,1
3483,名妓传奇,1
3484,光荣与闪电,1
3485,黑夜史,1
3486,忧郁的热带,1
3487,柏拉图全集,1
3488,古兰经,3
3489,圣经故事集,1
3490,耶稣的故事,1
3491,基督的人生观,1
3492,天路历程,2
3493,上帝的一生,1
3494,基督教之基础,1
3495,袖珍神学,1
3496,沙漠教父言行录,1
3497,幸福而短促的人身,1
3498,罗马的精神,1
3499,希腊的回声,1
3500,希腊人和希腊文明,1
3501,古希腊宗教的社会起源,1
3502,希腊宗教研究导论,1
3503,有节制的生活,1
3504,马上沉思录,1
3505,金驴记,1
3506,工作与时日 神谱,1
3507,英雄宝镜,1
3508,论生活的价值,1
3509,回忆苏格拉底,1
3510,罗素道德哲学,1
3511,自由之路,1
3512,罗素名言录,1
3513,婚姻与道德,1
3514,或此或彼,1
3515,意志改变世界,1
3516,人生智慧录,1
3517,生存空虚说,1
3518,查拉斯图拉如是说,1
3519,偶像的黄昏,1
3520,快乐的科学,1
3521,悲剧的诞生,1
3522,瞧！这个人,1
3523,人生论,1
3524,人的末日,1
3525,瓮葬,1
3526,生命的悲剧意识,1
3527,愚人颂,1
3528,美学,2
3529,艺术哲学,2
3530,人论,1
3531,荷尔德林诗新编,1
3532,荷尔德林诗的阐释,1
3533,美国大城市的死与生,16
3534,中国美术史纲,1
3535,中国艺术,1
3536,西方现代派美术,1
3537,外国艺术精粹赏析,1
3538,东方美术史话,1
3539,近代美术史潮论,1
3540,哲学的故事,1
3541,苦闷的象征,1
3542,文明与野蛮,1
3543,罗丹艺术论,1
3544,莫兰迪,1
3545,多面肖邦,1
3546,艺术引导人生,1
3547,德拉克洛瓦日记,1
3548,美,1
3549,文学简史,1
3550,说爱,1
3551,追寻自我,1
3552,存在心理学探索,1
3553,人性能达的境界,1
3554,单行道,1
3555,发达资本主义时代的抒情诗人,1
3556,十九世纪文学主流,1
3557,马克思恩格斯选集,2
3558,我景仰的人,1
3559,马克思的自白,1
3560,数字化生存,1
3561,第三次浪潮,1
3562,人的现代化,1
3563,小说面面观,1
3564,波斯人信札,1
3565,存在与虚无,1
3566,他人就是地狱,1
3567,英雄和英雄崇拜,1
3568,游戏规则,1
3569,知识分子,1
3570,大教学论,1
3571,教学法解析,1
3572,中国古代教育家语录类编,1
3573,教养,1
3574,有钱人,1
3575,大狗,1
3576,金钱传,1
3577,亚历山大大帝,1
3578,叶卡特琳娜女皇,1
3579,埃及艳后,1
3580,拿破仑大传,1
3581,拿破仑一世传,1
3582,拿破仑,2
3583,拿破仑时代,2
3584,拿破仑与女明星,1
3585,拿破仑三世宫廷秘事,1
3586,拿破仑外传,1
3587,回忆拿破仑,1
3588,我与拿破仑,1
3589,林肯,1
3590,卑斯麦,1
3591,埃及艳后：克娄巴特拉,1
3592,尼罗河传,1
3593,叶卡特琳娜二世,1
3594,雪莱传,1
3595,雨果传,1
3596,人生五大问题,1
3597,林肯传,1
3598,华盛顿传,1
3599,欧文见闻录,1
3600,阿拉伯简史,1
3601,我的自传,1
3602,大洋国,1
3603,王家之路,1
3604,梵高传,2
3605,凡高自传,1
3606,诸神复活,1
3607,弗里达,1
3608,三大师,1
3609,三作家,1
3610,命丧断头台的法国王后,1
3611,异端的权利,1
3612,巴尔扎克传,1
3613,人类的群星闪耀时,1
3614,同情的罪,1
3615,茨威格散文精选,1
3616,茨威格小说全集,1
3617,约翰逊传,1
3618,约翰逊博士传,1
3619,维多利亚,2
3620,维多利亚时代四名人传,1
3621,傅译传记五种,1
3622,德兰修女传,1
3623,性·演化·达尔文,1
3624,人这种动物,1
3625,亚当之脐,1
3626,性的历史,1
3627,爱经,2
3628,变形记,4
3629,性，不只是性爱,1
3630,撒旦的使徒,1
3631,妇女与社会主义,1
3632,第二性：女人,1
3633,阅读生命,1
3634,情妇,1
3635,两性视野,1
3636,接吻的历史,1
3637,乳房的历史,1
3638,法国沙龙女人,1
3639,性心理学,1
3640,金钱与人生,1
3641,爱得太深的女人,1
3642,关于爱的思考,1
3643,人类情爱史,1
3644,言言斋性学札记,1
3645,情色夭夭,1
3646,结婚的爱,1
3647,孩子的性教育问题,1
3648,爱与意志,1
3649,文化论,1
3650,两性社会学,1
3651,神圣的性生活,1
3652,妓家风月,1
3653,脚·鞋·性,1
3654,阅读女人,1
3655,情爱论,1
3656,自然女性,1
3657,男人：一本给女人看的书,1
3658,女人：一本给男人看的书,1
3659,弗洛伊德自传,1
3660,弗洛伊德著作选,1
3661,精神分析引论新讲,1
3662,精神分析纲要,1
3663,爱情心理学,1
3664,性学三论,1
3665,精神之梦,1
3666,婚床,1
3667,人类性文化探秘,1
3668,从嬉皮到雅皮,1
3669,西方情爱史,1
3670,情爱的崇拜,1
3671,情爱的觉醒,1
3672,情爱的放纵,1
3673,欧洲风化史,1
3674,女性心理学,1
3675,结婚心理学,1
3676,屈辱与风流,1
3677,裸体艺术论,1
3678,裸女,1
3679,关于爱,1
3680,女人的魅力,1
3681,水之魅,1
3682,唇之魅,1
3683,世界性文化图考,1
3684,欲经,1
3685,芬芳花园,1
3686,金西报告,1
3687,浮世与春梦,1
3688,世界文学,4
3689,国外文学,1
3690,外国文艺,1
3691,散文中的散文,1
3692,诗歌中的诗歌,1
3693,挤奶女的罗曼史,1
3694,音乐家的生活,1
3695,卡尔和安娜,1
3696,重返海法,1
3697,苏霍多尔,1
3698,白色蜥蜴,1
3699,野性的呼唤,3
3700,田园交响乐,1
3701,莫差特去布拉格的路上,1
3702,当代英雄,1
3703,那么一种微笑,1
3704,夜色朦胧,1
3705,马来狂人,1
3706,这里的黎明静悄悄,1
3707,高龙巴,1
3708,一颗心的沦亡,1
3709,牧羊神,1
3710,流浪者之歌,1
3711,索尔那的异端者,1
3712,红帆,1
3713,蔚蓝的和湖绿的,1
3714,都文郡人,1
3715,泰绮思,1
3716,乌露玛,1
3717,伦敦塔,1
3718,珍妮的肖像,1
3719,阿达拉 勒芮,1
3720,冰岛渔夫,1
3721,起风了,1
3722,茵梦湖,1
3723,一个世纪儿的忏悔,1
3724,玻璃师,1
3725,水月,1
3726,到灯塔去,1
3727,都会的忧郁,1
3728,妖怪,1
3729,阿列霞,1
3730,圆舞曲,1
3731,废物小传,1
3732,莺之死,1
3733,黄玫瑰,1
3734,韦克特与阿格涅丝,1
3735,古都,2
3736,田园的忧郁,1
3737,黑暗的心,1
3738,黑僧,1
3739,白马骑者,1
3740,魔沼,1
3741,千鹤,1
3742,世界著名中篇小说精选集,1
3743,世界短篇小说名篇精选,1
3744,俄罗斯短篇小说名著选评,1
3745,意大利短篇小说名著选评,1
3746,西班牙短篇小说名著选评,1
3747,英国短篇小说名著选评,1
3748,日本短篇小说名著选评,1
3749,德国短篇小说名著选评,1
3750,外国中篇小说名著选评,1
3751,世态小说,1
3752,外国短篇爱情小说选评,1
3753,红字,1
3754,查密莉雅,1
3755,阿达拉,1
3756,浓雾中的卡莱莉雅,1
3757,美国卷,2
3758,德语国家卷,2
3759,东欧卷,2
3760,外国中篇小说选,1
3761,外国短篇小说选,1
3762,英雄之死,1
3763,塞纳河上无名女子,1
3764,诺贝尔文学奖金获奖作家作品选,1
3765,一个人的遭遇,1
3766,苔蕾丝·德斯盖鲁,1
3767,约翰娜的故事,1
3768,白鹦鹉,1
3769,俄罗斯文化之旅,1
3770,北大讲座9,1
3771,北大讲座11,1
3772,俄国史教程,1
3773,千年俄罗斯,1
3774,大国的悲剧——苏联解体的前因后果,1
3775,被驱逐的人,1
3776,一只黑手套,1
3777,我的信仰,1
3778,钟的秘密心脏,1
3779,俄罗斯中篇小说选,1
3780,俄苏短篇小说经典,1
3781,俄罗斯情歌选,1
3782,静静的顿河,1
3783,被开垦的处女地,1
3784,日瓦戈医生,3
3785,俄罗斯浪游散记,1
3786,我的大学,1
3787,在人间,1
3788,高尔基中短篇小说精选,1
3789,高尔基早期作品选,1
3790,文学写照,1
3791,鹰之歌,1
3792,苏联的文学,1
3793,那一张张鲜活的面孔,1
3794,十二把椅子,1
3795,帕乌斯托夫斯基散文,1
3796,金蔷薇,2
3797,面向秋野,1
3798,乡村,1
3799,故园,2
3800,蒲宁散文精选,1
3801,林荫幽径,1
3802,阿尔谢尼耶夫的一生,1
3803,阿尔巴特街的儿女,1
3804,屠格涅夫,1
3805,猎人笔记,1
3806,处女地,1
3807,罗亭,1
3808,贵族之家,1
3809,初恋,1
3810,屠格涅夫抒情诗集,1
3811,屠格涅夫散文诗,1
3812,女性三部曲,1
3813,娜婷,1
3814,断梦,1
3815,爱丝雅,1
3816,往事与随想,1
3817,家庭的戏剧,1
3818,赫尔岑中短篇小说集,1
3819,普希金抒情诗选集,1
3820,普希金诗选,1
3821,复仇艳遇,1
3822,普希金小说集,1
3823,叶甫盖尼·奥涅金,1
3824,普希金叙事诗选集,1
3825,普希金散文选,1
3826,普希金在流放中,1
3827,奥勃洛摩夫,1
3828,戈洛夫廖夫老爷们,1
3829,怎么办？,1
3830,序幕,1
3831,安娜·卡列宁娜,2
3832,家庭的幸福,1
3833,哈吉穆拉特,1
3834,克鲁采奏鸣曲,1
3835,童年·少年·青年,1
3836,托尔斯泰散文,1
3837,酒色与生命,1
3838,苦难的历程,1
3839,被欺凌与被侮辱的,1
3840,群魔,1
3841,地下室手记,2
3842,白夜,1
3843,冬天里的夏日印象,1
3844,穷人的美德,1
3845,契诃夫小说全集,1
3846,契诃夫小说选,1
3847,以头撞墙,1
3848,癌症楼,1
3849,古格拉群岛,1
3850,从彼得堡到斯德哥尔摩,1
3851,火坑,1
3852,亚玛街,1
3853,小说戏剧选,2
3854,死农奴,1
3855,马尔林斯基小说选,1
3856,别洛佐尔中尉,1
3857,艾特玛托夫小说集,1
3858,白轮船,1
3859,幸福的钥匙,1
3860,勃留锁夫日记钞,1
3861,茨维塔耶娃诗集,1
3862,散文随笔,1
3863,回忆录,1
3864,茨维塔耶娃：生活与创作,1
3865,三诗人书简,1
3866,抒情诗的呼吸,1
3867,奇特的一生,2
3868,人·岁月·生活,1
3869,说吧，记忆,2
3870,骑兵军,1
3871,阿纽塔,1
3872,草原上的村庄,1
3873,你的朝霞,1
3874,白比姆黑耳朵,1
3875,钢铁是这样炼成的,1
3876,美·孤寂·女人的气质,1
3877,我的音乐生活,1
3878,谢甫琴柯诗选,1
3879,叶赛宁抒情诗选,1
3880,勃洛克抒情诗选,1
3881,爱,2
3882,我知道怎样去爱,1
3883,回忆与诗,1
3884,大自然的眼睛,1
3885,林中水滴,1
3886,为书籍的一生,1
3887,阿斯塔菲耶夫散文选,1
3888,故乡,1
3889,莎士比亚传,1
3890,莎士比亚悲剧,1
3891,蝴蝶梦,1
3892,伊利亚随笔选,1
3893,莎士比亚戏剧故事集,1
3894,燕谈录,1
3895,哈兹里特散文选,1
3896,福尔赛世家,1
3897,高尔斯华绥散文选,1
3898,英国浪漫派散文精华,1
3899,旅行的艺术,1
3900,英国短篇小说选,1
3901,艾凡赫,1
3902,肯纳尔沃思堡,1
3903,爱丁堡监狱,1
3904,福尔摩斯探案全集,2
3905,月亮宝石,1
3906,好兵,1
3907,深宫孽海,1
3908,恋爱中的女人,1
3909,欢愉之河,1
3910,达洛卫夫人,1
3911,伍尔夫散文,1
3912,性欢,1
3913,土地与情欲,1
3914,普希金秘密日记,1
3915,肉与死,1
3916,阿弗洛狄德,1
3917,堂吉诃德,3
3918,西班牙流浪汉小说选,1
3919,小癞子,1
3920,骗子外传,1
3921,林孔内特和科尔塔迪略,1
3922,鼎鼎大名的洗盘子姑娘,1
3923,流浪汉小说,1
3924,希腊奇人佐尔巴,1
3925,佩比塔·希梅尼斯,1
3926,两姊妹的爱情,1
3927,惶然录,1
3928,不安之书,1
3929,魔服,1
3930,邪恶之路,1
3931,玫瑰之乱,1
3932,十日谈,4
3933,斯巴达克思,1
3934,罗马女人,1
3935,一夜幽情,1
3936,东欧短篇小说选,1
3937,南风,1
3938,世界美如斯,2
3939,火与剑,1
3940,你往何处去,1
3941,十字军骑士,1
3942,好兵帅克历险记,1
3943,新十日谈,1
3944,缓慢,2
3945,可笑的爱情,1
3946,不朽,2
3947,生活在别处,2
3948,为了告别的聚会,1
3949,生命中不能承受之轻,5
3950,乌兰斯匹格传奇,1
3951,多尔第,1
3952,爱情的最后一夜 战争的最初一夜,1
3953,绿衣亨利,1
3954,迪伦马特小说集,1
3955,审判,4
3956,城堡,5
3957,卡夫卡随笔,1
3958,卡夫卡散文,1
3959,狱中书简,1
3960,塔杜施先生,1
3961,圣彼得的伞,1
3962,西方名女,1
3963,套在火山上的锁链,1
3964,漂来的磨坊,1
3965,什特凡大公,1
3966,斧头,1
3967,钢琴教师,1
3968,荆棘鸟,7
3969,幸运生涯,1
3970,风暴眼,1
3971,镜中瑕疵,1
3972,榕树叶子,1
3973,五卷书,1
3974,东方短篇小说选,1
3975,佛本生故事选,1
3976,鲁拜集,1
3977,商道,1
3978,王道,1
3979,鲑鱼,1
3980,南朝鲜小说集,1
3981,泰戈尔文集,1
3982,泰戈尔散文选,1
3983,泪与笑,1
3984,纪伯伦散文诗选,1
3985,纪伯伦散文精选,1
3986,名妓与法老,1
3987,耻,1
3988,我的名字叫红,2
3989,雪,1
3990,伊斯坦布尔,1
3991,村庄,1
3992,梅达格胡同,1
3993,独立的人们,1
3994,侏儒,1
3995,狂人证词,1
3996,女仆的儿子,1
3997,红房间,1
3998,易卜生戏剧选,1
3999,阁楼里的女人,1
4000,饥饿,1
4001,大地的成长,1
4002,蒂特：人的女儿,1
4003,新娘·主人·十字架,1
4004,拉丁美洲短篇小说选,1
4005,弗洛尔和她的两个丈夫,1
4006,人鬼之间,1
4007,圣女桑塔,1
4008,族长的没落,1
4009,诺贝尔奖的幽灵,1
4010,胡利娅姨妈与作家,1
4011,绿房子,1
4012,博尔赫斯小说集,1
4013,疯狂的奥兰多,1
4014,巴黎隐士,1
4015,饿狗,1
4016,阿玛莉雅,1
4017,艾菲·布里斯特,1
4018,布登勃洛克一家,4
4019,猫与鼠,1
4020,女士及众生相,2
4021,诗与真,1
4022,歌德谈话录,1
4023,少年维特的烦恼,6
4024,浮士德,7
4025,歌德叙事诗集,1
4026,歌德传,1
4027,臣仆,1
4028,小丑之见,1
4029,丧失了名誉的卡塔琳娜·勃罗姆,1
4030,德奥中篇小说经典,1
4031,西线无战事,3
4032,一个热爱艺术的修士的内心倾诉,1
4033,朗读者,7
4034,特雷庇姑娘,1
4035,施笃姆诗意小说选,1
4036,恋爱中的男人,1
4037,海涅选集,2
4038,章鱼,1
4039,再见，哥伦布,1
4040,啊，拓荒者！,1
4041,我的安东妮亚,1
4042,一个迷途的女人,1
4043,愤怒的葡萄,2
4044,小红马,1
4045,美国作家论文学,1
4046,汤姆叔叔的小屋,3
4047,根,1
4048,土生子,1
4049,天边外,1
4050,女人的忧郁,1
4051,窒息,1
4052,迷情之夜,1
4053,金房子,1
4054,名人隐私录,1
4055,阿奇正传,1
4056,勿失良辰,1
4057,喧哗与骚动,3
4058,熊,1
4059,我弥留之际,1
4060,汤姆·索亚历险记,3
4061,哈克贝里·芬历险记,1
4062,马克·吐温中短篇小说选,1
4063,欧亨利短篇小说选,1
4064,卢布林的魔术师,1
4065,美国短篇小说选,1
4066,珍妮姑娘,1
4067,嘉莉妹妹,1
4068,巨人,1
4069,斯多褐,1
4070,一位女士的画像,1
4071,德莫福夫人,1
4072,杜宾的生活,1
4073,冷山,1
4074,北回归线,2
4075,南回归线,2
4076,春梦之结,1
4077,性爱之旅,1
4078,最后的遗言,1
4079,索菲的选择,1
4080,硬汉不跳舞,1
4081,艳星梦露,1
4082,美与孽,1
4083,夜色温柔,1
4084,人间天堂,1
4085,飞女郎与哲学家,1
4086,爵士时代的故事,1
4087,那些忧伤的年轻人,1
4088,愚人之死,1
4089,琥珀,1
4090,当代美国旅诗人朦胧诗选,1
4091,白鲸,3
4092,阿尔罕伯拉,1
4093,爱伦·坡短篇小说选,1
4094,希尔顿自传,1
4095,洛丽塔,1
4096,贵人·女人·小人,1
4097,成双成对,1
4098,我的生活与爱,1
4099,蒂凡尼的早餐,1
4100,别的声音，别的房间,1
4101,富兰克林文集,1
4102,穷查理历书,1
4103,重游缅湖,1
4104,美国啊！美国,1
4105,午夜疯狂,1
4106,66号公路,1
4107,繁华一梦,1
4108,钟为谁鸣,1
4109,海明威短篇小说选,1
4110,私生女,1
4111,小妇人,5
4112,皮帕·李德私生活,1
4113,我的一生,2
4114,邓肯谈艺录,1
4115,舞蹈的艺术,1
4116,阿娜伊斯·宁日记,1
4117,给一个未出生孩子的信,1
4118,穆齐尔散文,1
4119,品酒,1
4120,我的死了的生活的回忆,1
4121,秋天里的春天,1
4122,三人书简,1
4123,鸟的魅力,1
4124,梭罗集,1
4125,漫步,1
4126,野果,1
4127,种子的信仰,1
4128,心灵漫步,1
4129,沙郡岁月,1
4130,遥远的房屋,1
4131,低吟的荒野,1
4132,心灵的慰藉,1
4133,小毛驴之歌,1
4134,星·雪·火,1
4135,无忧历书,1
4136,天地历书,1
4137,塞耳彭自然史,1
4138,所罗门的指环,1
4139,森林报,1
4140,钓客清话,1
4141,米什莱散文选,1
4142,鸟儿,1
4143,大海,1
4144,外国优秀散文选,1
4145,与花儿攀谈,1
4146,蜜蜂的生活,1
4147,双重花园,1
4148,清新的原野,1
4149,冬日阳光,1
4150,鸟与诗人,1
4151,醒来的森林,1
4152,自然之门,1
4153,少雨的土地,1
4154,优山美地,1
4155,典型的日子,1
4156,园圃之乐,2
4157,堤契诺之歌,1
4158,英国卷,1
4159,拉美卷,1
4160,法国卷,1
4161,俄罗斯卷,1
4162,外国散文选,1
4163,世界著名文学奖获得者散文选,1
4164,诺贝尔文学奖获得者散文选,1
4165,世界名家散文经典,1
4166,凋零的芳菲,1
4167,外国哲理小品,1
4168,中外散文诗名篇大观,1
4169,经典散文欣赏,1
4170,卢卡斯散文选,1
4171,达里奥散文选,1
4172,伦敦的叫卖声,1
4173,史密斯散文选,1
4174,聂鲁达散文选,1
4175,赫德逊散文选,1
4176,芝麻与百合,1
4177,孤独及其说创造的,1
4178,美的透视,1
4179,用心聆听世界,1
4180,爱默生日记精华,1
4181,爱默森选集,1
4182,外国戏剧名篇选读,1
4183,伪君子,1
4184,欧那尼,1
4185,朱丽小姐,1
4186,闯入者,1
4187,樱桃园,1
4188,琼斯皇,1
4189,六个寻找剧作家的角色,1
4190,动物园的故事,1
4191,列那尔散文选,1
4192,史蒂文生游记选,1
4193,黑箭,1
4194,雨果散文选,1
4195,雨果抒情散文选,1
4196,雨果的情书,1
4197,海之美,1
4198,六人,1
4199,香料传奇,1
4200,感情的花束,1
4201,都是夏娃惹的祸,1
4202,都是裸体惹的祸,1
4203,鹿之民,1
4204,巴尼奥尔喜剧选,1
4205,美国名家书信选集,1
4206,玛丽亚·沙德莱恩,1
4207,节日的晚宴,1
4208,海啸,1
4209,中国翻译名家自选集,1
4210,古希腊戏剧经典,1
4211,阿伽门农,1
4212,普罗米修斯,1
4213,俄狄浦斯王,1
4214,安提戈涅,1
4215,特洛亚妇女,1
4216,美狄亚,1
4217,外国现代派作品选,1
4218,伊索寓言,3
4219,骑鹅旅行记,1
4220,西顿野生动物故事集,1
4221,格列佛游记,1
4222,世界经典童话名著全集,1
4223,浩夫童话,1
4224,爱丽丝漫游奇境记,1
4225,吹牛大王历险记,1
4226,红色童话,1
4227,淡紫色童话,1
4228,粉色童话,1
4229,紫色童话,1
4230,深红色童话,1
4231,棕色童话,1
4232,小鹿斑比,1
4233,海蒂,2
4234,狐狸列那,1
4235,克雷洛夫寓言全集,1
4236,格林童话全集,1
4237,希腊神话和传说,1
4238,快乐王子,1
4239,青鸟,1
4240,爱的教育,2
4241,椋鸠十动物故事,1
4242,再被狐狸骗一次,1
4243,雄鹰金闪子,1
4244,板子猴,1
4245,鸟奴,1
4246,睡蟒边的雪兔,1
4247,趣味动物学,1
4248,针眼里逃出的生命,1
4249,遥遥黄河源,1
4250,我们的母亲叫中国,1
4251,安妮日记,1
4252,柳林风声,1
4253,为了孩子幸福,1
4254,命运之门,1
4255,自己拯救自己,1
4256,人性的光辉,1
4257,伟大的人物,1
4258,教诲录,1
4259,依靠自己,1
4260,财富密码,1
4261,外交家爸爸给儿子的四十七封信,1
4262,与拿破仑齐名的女人,1
4263,你是普通的花,1
4264,艾伦三书,1
4265,彼得·潘,1
4266,安徒生童话选,1
4267,安徒生童话全集,1
4268,奥·特,1
4269,天才的品性,1
4270,一生的资本,1
4271,名人书信一百封,1
4272,英美名诗一百首,1
4273,Love and Marriage,1
4274,美国语文,1
4275,成长的岁月,1
4276,心灵的日出,1
4277,人间的诗意,1
4278,白话的中国,1
4279,人类的声音,1
4280,三毛流浪记,1
4281,世界爱情诗一百首,1
4282,情人的泥土,1
4283,妙意曲,1
4284,英国现代诗选,1
4285,法国七人诗选,1
4286,外国爱情短诗萃,1
4287,近代英国诗抄,1
4288,外国是人成名作选,1
4289,梁宗岱译诗选,1
4290,济慈诗选,1
4291,法国当代诗选,1
4292,神曲,4
4293,法国现代诗选,1
4294,法国现代诗抄,1
4295,外国名家诗选,1
4296,外国千家诗,1
4297,伊利亚特,1
4298,裴多菲诗选,1
4299,奥克塔维奥·帕斯诗选,1
4300,意大利诗选,1
4301,孤独的玫瑰,1
4302,英国维多利亚时代诗选,1
4303,狄金森诗选,1
4304,德国诗选,1
4305,阿尔巴尼亚诗选,1
4306,彭斯诗选,1
4307,世界爱情赠诗集,1
4308,世界抒情诗选,1
4309,丘特切夫诗选,1
4310,邻笛集,1
4311,美国现代诗,1
4312,朗费罗诗选,1
4313,菲利普·雅各泰诗选,1
4314,历届诺贝尔文学奖获得者诗歌金库,1
4315,我站着，我受得了,1
4316,图像与花朵,1
4317,万物静默如谜,1
4318,草叶集,2
4319,惠特曼诗选,1
4320,当守望人看见灯光,1
4321,抒情十四行诗集,1
4322,白朗宁夫人诗选,1
4323,西罗普郡少年,1
4324,丽达与天鹅,1
4325,孤独与沉思,1
4326,里尔克诗选,1
4327,里尔克精选集,1
4328,里尔克散文,1
4329,里尔克与莎乐美书信选,1
4330,里尔克读本,1
4331,马尔特手记,1
4332,华兹华斯诗选,1
4333,柯尔律治诗选,1
4334,伊斯兰的起义,1
4335,麦布女王,1
4336,爱的哲学,1
4337,夜听海涛,1
4338,诗与颂歌,1
4339,拜伦抒情诗七十首,1
4340,拜伦诗选,1
4341,波德莱尔诗选,1
4342,烧酒与爱情,1
4343,诗学,1
4344,诗艺,1
4345,逃亡,1
4346,科学家的人生观,1
4347,狄拉克--科学和人生,1
4348,数学分析,2
4349,数学物理方法（含复变函数论和偏微分方程）,1
4350,矢量分析（含张量）,1
4351,原子物理学,1
4352,理论力学,1
4353,量子力学概论(翻译版)(原书第2版),1
4354,新量子世界,1
4355,非相对论量子力学,1
4356,量子力学,2
4357,量子力学原理,1
4358,量子力学专题分析,1
4359,量子力学的前沿问题(第2版)(清华大学学术专著),1
4360,断舍离,6
4361,感谢自己的不完美,1
4362,大好河山可骑驴,3
4363,徒手攀岩,2
4364,攀岩人生,5
4365,The Push,1
4366,户外探险,1
4367,少有人看见的美,1
4368,孤独六讲,8
4369,唐诗风物志,1
4370,增长黑客,9
4371,穆斯林的葬礼,21
4372,逆向管理,1
4373,将饮茶,3
4374,我亲爱的甜橙树,2
4375,大学生的社会第一课,1
4376,易,1
4377,系辞,1
4378,遥远的救世主,18
4379,天幕红尘,3
4380,稻盛和夫传,1
4381,撒野,2
4382,福尔摩斯探案集,2
4383,洪荒天子,1
4384,九州缥缈录,2
4385,经济学,2
4386,性学与爱情心理学,1
4387,老友记,2
4388,甲骨文,1
4389,南德意志报,1
4390,过于喧嚣的孤独,3
4391,爱吃沙拉的狮子,1
4392,风声,3
4393,暗算,1
4394,解密,1
4395,艺伎回忆录,1
4396,曾经我也想过一了百了,1
4397,微积分学教程,1
4398,自然科学的数学分析,1
4399,概率,1
4400,随机金融数学基础,1
4401,代数学引论,2
4402,你不可不知的人性,1
4403,以诈止诈,1
4404,爱不厌诈,1
4405,冷眼看人生,1
4406,肯定自己,1
4407,枪炮、细菌与钢铁,1
4408,反转人生,1
4409,天才基本法,2
4410,戚本禹回忆录,2
4411,黑骏马,3
4412,四世同堂,13
4413,早晨从中午开始,2
4414,克苏鲁神话,1
4415,无人生还,3
4416,名侦探的守则,1
4417,宠物公墓,2
4418,面纱,20
4419,艺术博物馆,3
4420,地心游记,1
4421,八十天环游地球,3
4422,神秘岛,1
4423,格兰特船长的女儿,1
4424,失去名字的女孩,1
4425,天堂囚徒,1
4426,精神病房里的正常人,1
4427,红玫瑰与白玫瑰,2
4428,谈话的力量,1
4429,春风十里不如你,1
4430,春风十里，不如你,1
4431,仿生人会梦见电子羊吗？,1
4432,银翼杀手,1
4433,高堡奇人,1
4434,尤比克,2
4435,流吧！我的眼泪,1
4436,少数派报告,1
4437,中国边疆研究文库,1
4438,中国丧地史,2
4439,嚈哒史研究,1
4440,塞种史研究,1
4441,两汉魏晋南北朝与西域关系史研究,1
4442,古族新考,1
4443,两汉魏晋南北朝正史西域传研究,1
4444,两汉魏晋南北朝正史西域传要注,1
4445,早期丝绸之路文献研究,1
4446,八卦医学史,1
4447,八堂极简科学课,1
4448,风流去,1
4449,滚蛋吧，肿瘤君,1
4450,杀死一只知更鸟（纪念版）,1
4451,林徽因传,1
4452,你好，旧时光,3
4453,这本书能让你戒烟,14
4454,亲爱的提奥:梵高传,2
4455,挚爱梵高•星空之谜,1
4456,starry starry night,1
4457,黄房子,1
4458,局部,1
4459,脆弱的崛起,1
4460,和玛丽苏开玩笑,2
4461,魔法界的生活,1
4462,平如美棠,1
4463,花田半亩,1
4464,失落的一角,1
4465,失落的一角遇见大圆满,1
4466,巴黎圣母院,5
4467,半生缘,6
4468,山楂树之恋,1
4469,卡门,1
4470,大败局II,1
4471,厨房,1
4472,世界的凛冬,4
4473,永恒的边缘,3
4474,情感依附：为何家会影响我的一生,1
4475,新家庭如何塑造人,1
4476,随机漫步的傻瓜,2
4477,随机生存的智慧,1
4478,哈姆雷特,3
4479,上帝之手,1
4480,原来这就是心理学,1
4481,不能承受生命之轻,2
4482,大秦帝国,9
4483,东西方文明对比,1
4484,论语释义,2
4485,京东全民阅读报告,1
4486,笑猫日记,1
4487,虎皮猫你在哪里,1
4488,猫武士,1
4489,狼王梦,3
4490,雪豹悲歌,1
4491,刀疤豺母,1
4492,沉默的羔羊,1
4493,绿里,1
4494,首席女法医,1
4495,雪窗帘,1
4496,草地上的云朵,1
4497,雾月牛栏,1
4498,红高粱家族,3
4499,羊脂球,4
4500,最后一片叶子,1
4501,漂亮朋友,1
4502,説文解字,2
4503,我是一只小小鸟,1
4504,囚鸟,1
4505,活着为了讲述,2
4506,枯枝败叶,2
4507,荒野的呼唤,1
4508,德米安,16
4509,出梁庄记,2
4510,文心,9
4511,给青年诗人的十二封信,1
4512,自由在高处,4
4513,牧羊少年的奇幻之旅,6
4514,世纪三部曲,2
4515,在细雨中呼喊,5
4516,自在独行,3
4517,成长是一件孤独的事,1
4518,生命不可承受之轻,2
4519,末日乐园,1
4520,赠我予白,1
4521,独裁者手册,4
4522,写给大家的西方美术史 ,1
4523,Akka应用模式：分布式应用程序设计实践指南,1
4524,脑筋急转弯,1
4525,抓住彩虹的男人,1
4526,色已成空,1
4527,强风吹拂,1
4528,酥油,3
4529,The Power of Now,1
4530,高山下的花环,1
4531,宽客人生,1
4532,坏小孩,1
4533,无证之罪,1
4534,暗黑者～三部曲,1
4535,长夜难明,3
4536,破绽,1
4537,红色,1
4538,第五部队,1
4539,大明王朝1566,3
4540,人生海海,1
4541,拼了命，尽了兴,1
4542,莎菲女士的日记,1
4543,明亮的对话—公共说理十八讲,1
4544,钱,8
4545,生活与命运,4
4546,窄门,1
4547,弗兰妮与祖伊,1
4548,烛烬,1
4549,看不见的城市,1
4550,增长黑客如何玩转私域流量,1
4551,什么是科学,1
4552,万万没想到,3
4553,重生,1
4554,七年就是一辈子,1
4555,自学是门手艺,1
4556,中学生,1
4557,三国志演义,1
4558,白香词谱,1
4559,希腊神话,2
4560,鲁宾逊漂流记,2
4561,十八家诗钞,1
4562,词选,1
4563,近代散文抄,1
4564,文化回忆录,1
4565,管道的故事,2
4566,赢家法则,1
4567,芒格的生活、学习和决策方法,2
4568,芒格主义：查理的即席谈话,2
4569,聪明的投资者（第4版）,2
4570,邓普顿教你逆向投资,3
4571,邓普顿教你逆向投资:牛市和熊市都稳赚的长赢投资法,1
4572,Money,2
4573,股票作手回忆录,9
4574,股市趋势技术分析,2
4575,星期六晚间邮报,1
4576,周六晚间邮报,2
4577,金融炼金术,9
4578,证券分析,9
4579,股市投资致富之道,1
4580,股市投资致富之道：投资大师费雪教你怎样炒股,2
4581,怎样选择成长股,4
4582,股市投资致富之道:投资大师费雪教你怎样炒股,2
4583,涛动周期论,2
4584,逃不开的经济周期,2
4585,两次全球大危机的比较研究,3
4586,新国际经济体制与中国,1
4587,经济发展：理论与实践,1
4588,英汉法汉财务金融词典,1
4589,门口的野蛮人,4
4590,海龟交易法则,3
4591,笑傲股市,3
4592,行业报告,1
4593,手把手教你读财报,1
4594,财务报表分析与股票估值,1
4595,周期,1
4596,财报粉饰面对面,1
4597,财政学,1
4598,货币金融学,1
4599,经济周期和发展理论材料,1
4600,经济运行的逻辑,1
4601,大势研判,1
4602,渐行渐远的金融周期,1
4603,新周期,1
4604,量化交易之路,1
4605,量化投资：策略与技术,1
4606,量化投资分析,1
4607,道氏理论,2
4608,股票魔法师,1
4609,期货市场技术分析,2
4610,黑马王子系列,1
4611,日本蜡烛图新解,1
4612,股票大作手回忆录,2
4613,股票大作手操盘术,1
4614,技术分析,1
4615,以交易为生,1
4616,艾略特波浪理论,1
4617,专业投机原理,1
4618,幽灵的礼物,1
4619,短线交易大师,1
4620,股市投机常识,1
4621,股市市场晴雨表,1
4622,华安基金世界资本经典丛书,1
4623,至高无上,1
4624,一个投机者的告白,1
4625,安德列克斯托拉尼系列丛书,1
4626, 金融心理学,1
4627,华尔街幽灵,1
4628,澄明之境,1
4629,十年一梦,1
4630, 王阳明全集,1
4631,不确定世界的理性选择,2
4632,中国特色社会主义全集（教条主义  经验主义  辩证唯物注意部分的演化）,1
4633,般若波罗蜜多心经,1
4634,金瓶梅序,1
4635,姑妄言,2
4636,化学基础论,1
4637,不能承受的生命之轻,4
4638,中东生死门,1
4639,三招上清华,1
4640,定西孤儿院纪事,2
4641,朱子治家格言,1
4642,金色梦乡,7
4643,断背山,1
4644,一生欠安,1
4645,我当阴阳先生的那几年,1
4646,时代的精神状况,1
4647,我的团长我的团,2
4648,中国文化的精深层结构,1
4649,GEB,1
4650,微观经济学原理,1
4651,宏观经济学原理,1
4652,7 habits,1
4653,野火集,5
4654,编码,1
4655,历史深处的忧虑,2
4656,断锁怒潮,1
4657,发条橙,1
4658,倾城之恋,5
4659,第一炉香,1
4660,第二炉香,2
4661,通向哲学的后楼梯,1
4662,中国在梁庄,2
4663,南京大屠杀幸存者纪实录,1
4664,生命册,2
4665,羊的门,2
4666,中国农村考察报告,1
4667,容忍与自由,3
4668,鱼翅与花椒,1
4669,中国缺什么，日本缺什么,1
4670,大资金潮,1
4671,十大将军,1
4672,周恩来的最后600天,1
4673,水大鱼大,1
4674,凯恩斯vs哈耶克,1
4675,软技能 代码之外的生存指南,1
4676,阿Q正传,3
4677,人性的优点,5
4678,史记·淮阴侯列传,3
4679,孔乙己,2
4680,征友启示,1
4681,国故论衡,2
4682,国故论衡疏证,1
4683,简牍检署考,1
4684,宋江三十六人考实,1
4685,水浒文化概览,1
4686,中国古代都城制度研究,1
4687,宋元戏曲考,1
4688,元曲概论,1
4689,中国文学批评小史,1
4690,红楼梦评论,1
4691,庚辛间读书记,1
4692,续墨客挥犀,1
4693,开启你的高维智慧,1
4694,八万四千问,1
4695,太傻天书,1
4696,奇迹课程,2
4697,金庸全集,1
4698,一生最爱，纳兰词,1
4699,诗经：越古老，越美好,1
4700,纳兰词,1
4701,老子译注,1
4702,成为作家,3
4703,科学发现纵横谈,2
4704,发现的乐趣,1
4705,神的孩子都要去西藏,1
4706,上下五千年,3
4707,文化苦旅,19
4708,唐诗三百首全解,2
4709,诗词格律,1
4710,什么是数学,3
4711,希利尔讲世界史,2
4712,神圣,1
4713,朝花夕拾,3
4714,宋词鉴赏,1
4715,童年三部曲,1
4716,昆虫记,3
4717,鲁冰逊漂流记,1
4718,骆驼祥子,7
4719,繁星春水,2
4720,名人传,1
4721,异邦骑士,1
4722,占星术杀人魔法,1
4723,暗黑童话,1
4724,桐宫之囚,1
4725,天才在左疯子在右,17
4726,阿弥陀佛么么哒,7
4727,"乖,摸摸头",1
4728,别生气，我又不是再说你,1
4729,编码宝典,2
4730,优秀的绵羊,6
4731,新共和,1
4732,大西洋刊,1
4733,纽约客,2
4734,费城风云,1
4735,民主的奇迹,1
4736,基地,2
4737,机器人,1
4738,帝国,1
4739,我，机器人,1
4740,我当道士那些年,1
4741,社会,1
4742,台北人,4
4743,树犹如此,1
4744,酒徒,1
4745,死水微澜,1
4746,暴风雨前,1
4747,大波,1
4748,都柏林人,1
4749,尤利西斯,6
4750,记一忘三二,1
4751,小豆豆频道,1
4752,小时候就在想的事,1
4753,小豆豆丢失的记忆,1
4754,小豆豆和小豆豆们,1
4755,信,3
4756,虚无的十字架,5
4757,另一种选择,6
4758,向前一步,3
4759,沃顿商学院最受欢迎的成功课,2
4760,离经叛道,1
4761,女性的“美丽自由”，需要法律保护，更需要道德撑腰,1
4762,德米安:彷徨少年时,1
4763,德米安：埃米尔·辛克莱的彷徨少年时,1
4764,玻璃球游戏,3
4765,二战那些事,4
4766,悟净叹异,1
4767,五月女王,1
4768,只有医生知道,6
4769,变身之后 我与她的狂想曲,1
4770,新华字典,3
4771,毕业出狼窝，工作入虎穴,1
4772,红顶商人胡雪岩,1
4773,东京日和,1
4774,民国语文,2
4775,开明国语课本,1
4776,道德的勇气,1
4777,补历代史表序,1
4778,知其不可为而为主义与为而不有主义,1
4779,赠予今年的大学毕业生,1
4780,一万小时天才理论,1
4781,南方高速,3
4782,科拉小姐,1
4783,正午的海岛,2
4784,指南手册,1
4785,万火归一,1
4786,丑陋的中国人,7
4787,脂砚斋重评石头记,1
4788,杜鹃,1
4789,午夜凶铃,1
4790,贤者之爱,1
4791,一切都是最好的安排,1
4792,暗杀1905,1
4793,大师和玛格丽特,2
4794,家庭，私有制和国家的起源,1
4795,蜘蛛侠：平行宇宙,1
4796,猎鹰,1
4797,学习高手的三架马车,1
4798,情人,5
4799,虹,1
4800,爱恋中的女人,1
4801,查太莱夫人的情人,1
4802,性学报告,1
4803,我们是这样活过来的,1
4804,幸福的勇气,3
4805,我不喜欢这世界我只喜欢你,1
4806,管理前沿,1
4807,只有偏执狂才能生存,2
4808,格鲁夫给经理人的第- ~课,1
4809,高产出管理,1
4810,二十二条商规,1
4811,什么是战略,1
4812,惠普方略,1
4813,韦尔奇自传,2
4814,谁说大象不能跳舞,1
4815,小沃森自传,2
4816,奥格威自传,1
4817,三十年一-亿倍,1
4818,将心注入,1
4819,基业长青,2
4820,追求卓越,1
4821,跨越文化浪潮,2
4822,文化与组织,1
4823,管理行为,1
4824,非同寻常的大众幻想与群众性癫狂,1
4825,谁说大象不会跳舞？,1
4826,就业、利息和货币通论,1
4827,绿色国王,1
4828,工商巨子,1
4829,权力的48条法则,1
4830,黑鹰坠落： 现代战争记,1
4831,引爆流行,1
4832,富甲美国,1
4833,与天为敌： 风险探索传奇,1
4834,华尔街之子摩根,1
4835,成功人士战胜疲劳的秘密,1
4836,老黑奴,1
4837,尤瓦尔·赫拉利,1
4838,威廉· 萨默赛特·毛姆,1
4839,罗素论人的理性,3
4840,苏童文集,1
4841,老子的智慧,1
4842,糖果店的阿福,1
4843,芝加哥论坛报,1
4844,鲸准数据2018电竞产业报告,1
4845,2018年中国电竞行业研究报告,1
4846,大学,8
4847,四书五经,1
4848,都市一妇人,1
4849,长安十二时,2
4850,显微镜下的大明,3
4851,番茄工作法图解,1
4852,软技能,1
4853,谈谈方法,4
4854,怎样解题,1
4855,天黑以后,1
4856,斜杠青年,1
4857,慢慢走，欣赏啊,1
4858,代码本色,1
4859,代码检查,1
4860,1999重新定义苹果,1
4861,三体2：黑暗森林,1
4862,激荡十年:水大鱼大,1
4863,大作手回忆录,1
4864,通向财务自由之路,1
4865,股票操盘宝典,1
4866,一个广告人的自白,2
4867,大问题,4
4868,禅与摩托车维修艺术,5
4869,受戒,1
4870,人与永恒,1
4871,鲁滨逊漂流记,3
4872,元素周期表,1
4873,沧浪之水,6
4874,瞬间赢得信任的冷读术,1
4875,肠子,3
4876,大师与玛格丽特,2
4877,德米安：彷徨少年时,1
4878,制作人,1
4879,制片人,1
4880,橘生淮南,1
4881,中国古代文化常识,2
4882,钢铁是怎样炼成的,9
4883,覆雨翻云,1
4884,风景,2
4885,沟通的力量,2
4886,人性的弱点全集,2
4887,怪诞行为学2,1
4888,决策与判断,3
4889,管理决策中的判断,1
4890,奇点临近,1
4891,人生只有一次，去做自己喜欢的事,1
4892,新喜剧之王,1
4893,曾经的你,1
4894,爱是一种选择,1
4895,这才是心理学,3
4896,ZOO,2
4897,白蛇,3
4898,春秋,1
4899,美国学生写作技能训练,3
4900,美国学生阅读技能训练,1
4901,1944最长的一天 诺曼底登陆,1
4902,1945最后一役 柏林之役,1
4903,1944遥远的桥 市场花园行动,1
4904,游隼,2
4905,象棋的故事,1
4906,一个女人的24小时,1
4907,吉檀迦利,2
4908,流萤集,1
4909,佛陀传,1
4910,中国吃,1
4911,食物语言学,1
4912,食物与厨艺,1
4913,非虚构写作课,4
4914,人为什么活着,1
4915, How We Learn,1
4916,你看起来好像很好吃,1
4917,企业IT架构转型之道,1
4918,在线,1
4919,十一位牺牲在建国前的中共无衔军事家,1
4920,爱你就像爱生命,6
4921,中关村笔记,1
4922,怎样才能好好说话,1
4923,绩效教练,1
4924,思考的艺术,1
4925,亲爱的 安德烈,1
4926,欧亨利短篇小说集,2
4927,一路向北,1
4928,生存,1
4929,深入理解计算机系统,2
4930,C++ Primer,1
4931,Effective C++,1
4932,More Effective C++,1
4933,康熙大帝,2
4934,乾隆皇帝,1
4935,神史,3
4936,21世纪的约翰·杜威,1
4937,娜拉走后怎样,1
4938,南方都市报,1
4939,常识,3
4940,我执,1
4941,开卷8分钟,1
4942,笑忘录,2
4943,告别圆舞曲,1
4944,好笑的爱,1
4945,特辖军的一天,1
4946,一个孤独漫步者的遐想,1
4947,足球竞赛规则2018/19,1
4948,美国职业篮球联盟官方规则 2018,1
4949,FIBA 篮球竞赛规则 2018,1
4950,2018 NFL 规则书,1
4951,美德的起源,1
4952,血疫,4
4953,定西孤儿院,1
4954,一百个人的十年,10
4955,突然之间风停了,1
4956,深阅读,4
4957,乱世佳人,4
4958,给布里安娜的卡片,1
4959,天道,3
4960,怨气撞铃,1
4961,大叔来势汹汹,1
4962,研词,1
4963,黄帝内经,2
4964,上古天真大论,1
4965,阴符经,1
4966,二十四史,1
4967,三体 第二和三部,1
4968,童年，在人间，我的大学,1
4969,王小波集,1
4970,中国居民膳食指南,2
4971,南京条约,5
4972,虎门条约,2
4973,海国图志,1
4974,天津条约,4
4975,北京条约,2
4976,苏菲,1
4977,格调,1
4978,身体从未忘记,2
4979,与神对话1,1
4980,前世今生1,1
4981,阿米·星星的孩子,1
4982,心灵之药,1
4983,谁在我家,1
4984,爱的序位,1
4985,人生的十四堂创意课,1
4986,你当像鸟，飞往你的山,1
4987,市场哲学的数学原理,1
4988,营销管理,2
4989,有一天啊宝宝,1
4990,gone with the wind ,1
4991,城市发展史,16
4992,道林格雷的画像,1
4993,古文观止新编,1
4994,物演通论,1
4995,唐诗鉴赏辞典,2
4996,人生长恨水长东,1
4997,全国导游基础知识,1
4998,一桩事先张扬的谋杀案,1
4999,自尊的六大支柱,1
5000,用理工科思维理解世界,1
5001,希腊棺材之谜,1
5002,注意!有人在盯着你,1
5003,幸福了吗,1
5004,房思琪的初戀樂園,1
5005,谁在世界中心,3
5006,地缘看世界,1
5007,当代中国政府与政治,1
5008,国家、战争与历史发展,1
5009,明智行动的艺术,1
5010,本本主义,1
5011,十年一品温如言,3
5012,同学录,1
5013,自深深处,1
5014,海怪简史,1
5015,政治的人生,1
5016,川岛芳子,1
5017,秦俑,1
5018,潘金莲之前世今生,1
5019,三更2之饺子,1
5020,孩子你慢慢来,4
5021,小姨多鹤,2
5022,十宗罪,5
5023,北京法源寺,3
5024,论人类不平等起源,1
5025,**真题详解,1
5026,残疾,2
5027,张美丽,1
5028,阿小与阿小,1
5029,天才文展,1
5030,厚朴,1
5031,逆向学习答题模板,1
5032,高考九大科提分,1
5033,文选,1
5034,俗世奇人(修订版),1
5035,听听那冷雨,3
5036,万里长城,1
5037,山盟,1
5038,朋友四型,1
5039,借钱的境界,1
5040,其实，《人类简史,1
5041,那不勒斯四部曲,2
5042,你当像鸟飞向你的山,1
5043,布鲁克林有棵树,2
5044,新名字的故事,2
5045,大山女孩,1
5046,垃圾场长大的自学人生,1
5047,秋天的怀念,1
5048,奇风岁月,8
5049,只是孩子,1
5050,别闹了，费曼先生,1
5051,生活大爆炸,1
5052,猎人们,1
5053,Effective java,1
5054,成为,2
5055,夜航西飞,2
5056,俞敏洪口述：在痛苦的世界中尽力而为,2
5057,指匠,1
5058,曾国藩传,3
5059,马克思靠谱,2
5060,时间移民,1
5061,美的沉思,2
5062,未来简史 ,1
5063,学习力,2
5064,我要快乐不必正常,2
5065,拥有一个你说了算的人生,3
5066,生命最后的读书会,2
5067,奥古斯都,2
5068,肠子的小心思,4
5069,从行动开始,2
5070,我们都曾受过伤，却有了更好的人生,1
5071,瘟疫与人,1
5072,每一分钟诞生一位顾客,1
5073,宣传,1
5074,奋斗与胜利,1
5075,药师琉璃光如来本愿功德经,3
5076,完全写作指南,1
5077,间客,1
5078,变成一只猫,1
5079,乡村教师,2
5080,白话聊斋,1
5081,人生若只如初见,1
5082,何事秋风悲画扇,1
5083,当时只道是寻常,2
5084,生死书,2
5085,历史是个什么玩意儿,1
5086,明朝那点事儿,1
5087,几何原本,1
5088,穷查理宝典:查理•芒格智慧箴言录(理解商业社会、认识成功本质必读的10本书之一),1
5089,眠空,2
5090,七月与安生,1
5091,执行  如何完成任务的学问,1
5092,谁杀了她,2
5093, 放学后,1
5094,情感和体验,1
5095,关于方文山的素颜韵脚诗,1
5096,没有色彩的多崎作和他的巡礼之年,2
5097,高山上的小邮局,1
5098,无尽世界,2
5099,圣殿春秋,1
5100,永恒火焰,1
5101,1984、《美丽新世界,1
5102,惊人动魄的一幕,1
5103,趋势的力量,1
5104,他们说我是幸运的,1
5105,项脊轩志,1
5106,时间海,1
5107,哑舍,3
5108,浮生,2
5109,独唱团,1
5110,前男友交给我的二十一件事,1
5111,女王乔安,1
5112,少年博博物馆,1
5113,最重要的事只有一件,1
5114,假如明天来临,1
5115,天使的愤怒,1
5116,午夜的另一面,1
5117,鸡皮疙瘩,1
5118,重生之奶爸难当,1
5119,假如给我三天光明,1
5120,高老头,1
5121,欧也妮葛朗台,1
5122,人间喜剧,1
5123,call me by your name,1
5124,南京大屠杀：第二次世界大战中被遗忘的大浩劫,1
5125,设计诗,1
5126,我并不孤独,5
5127,我并不孤单,1
5128,DOOM启示录,1
5129,安娜卡列宁娜,1
5130,北鸢,2
5131,行者无疆,2
5132,万,1
5133,灵灵卢的一生,1
5134,羊皮卷,2
5135,忒休斯之船,1
5136,阿修罗,1
5137,大哥,2
5138,过门,1
5139,镇魂,1
5140,在轮下,2
5141,四库全书,1
5142,直到长出青苔,2
5143,阳痿美国,1
5144,永不解密,1
5145,许你行路不孤单,1
5146,我不喜欢这个世界，我只喜欢你,2
5147,刑法典,1
5148,八步治背痛,1
5149,这书能让你戒烟,6
5150,假面山庄,1
5151,幻夜,3
5152,富爸爸系列全集,1
5153,富爸爸点石成金,1
5154,富爸爸商学院,1
5155,82年生的金智英,1
5156,哈佛中国史,1
5157,历史的细节,1
5158,南明史,1
5159,本色中国人,1
5160,中国建筑史,1
5161,Becoming Steve jobs,1
5162,我不是教你黑,1
5163,若星汉天空,2
5164,冰菓,2
5165,半个小时漫画中国历,1
5166,曾经德隆,1
5167,经济学讲义,2
5168,唐朝那些事儿,1
5169,司马懿崛起,1
5170,雪中悍刀行,11
5171,三松堂自序,1
5172,中外历史故事,1
5173,中外通史,1
5174,孤岛奇案,1
5175,刺杀林肯,1
5176,隋炀帝,1
5177,历史重案,1
5178,征服-西班牙帝国崛起,1
5179,黑雨、黑血、汉江雪,1
5180,九州丶缥缈录,1
5181,打火机与公主裙,1
5182,大清相国,1
5183,万水千山走遍,4
5184,陈二狗的妖孽人生,3
5185,浮云半书,1
5186,ENDER&#39;S  GAME,1
5187,抽象代数,2
5188,夜旅人,1
5189,房思琪的初恋日记,1
5190,出师表,1
5191,呐喊,5
5192,无限恐怖,2
5193,说话之道,1
5194,福尔摩斯全集,1
5195,平凡世界,1
5196,时震,1
5197,给孩子一生的安全感,1
5198,异乡人,1
5199,吃瓜时代的儿女们,1
5200,远大前程,1
5201,罗伯特议事规则,1
5202,民权初步,1
5203,青春的敌人,1
5204,直面内心的恐惧,1
5205,30年之后，你拿什么养活自己,1
5206,花冠病毒,1
5207,哥德尔、埃舍尔、巴赫：集异璧之大成,1
5208,闺房记乐,1
5209,大圆满心性休息大车疏,1
5210,孝经,1
5211,稻草人手记,3
5212,遇见一些人，流泪,1
5213,寿康宝鉴,1
5214,戒为良药,2
5215,阿勒泰的角落,1
5216,做一只特立独行的猪,1
5217,叔本华美学随笔,1
5218,论死亡,1
5219,晃晃悠悠,1
5220,推理的迷宫 悖论 迷题 知识的脆弱性,1
5221,告白,2
5222,动物园,1
5223,断掌事件,1
5224,时生,7
5225,等一个人咖啡,1
5226,性爱与婚姻,1
5227,GONE WITH WIND,1
5228,华尔街风水师,1
5229,武林传奇,1
5230,神州传奇,1
5231,为奴十二年,2
5232,民主的细节,2
5233,Jane Eyre,1
5234,澜本嫁衣,1
5235,季羡林谈人生,1
5236,心灵救护箱,1
5237,电路,1
5238,模电,1
5239,心灵的焦灼,1
5240,津轻,2
5241,利息理论,1
5242,魔道祖师,4
5243,同情心的丧失,1
5244,a常态下的癫狂,1
5245,少年儿童百科全书,1
5246,恋练有词,1
5247,约翰-克里斯朵夫,1
5248,马丁-伊登,1
5249,曾国蕃,1
5250,始终不聪明,1
5251,撒哈拉沙漠的故事,2
5252,玩笑,1
5253,流浪苍穹,1
5254,彷徨少年时,1
5255,我不喜欢全世界我只喜欢你,1
5256,房思琪的乐园,1
5257,撒哈的故事,1
5258,从你的全世界路过,4
5259,人生终要有触及灵魂的旅行,1
5260,君王论,1
5261,胡雪岩全传——烟消云散,1
5262,堂诘诃德,1
5263,欧也妮、葛朗台,1
5264,哈姆莱特,2
5265,雷雨,1
5266,冰心散文集,1
5267,银河系漫游指南,1
5268,朱镕基讲话实录,1
5269,答记者问,1
5270,定慧初修,1
5271,学佛者的基本信念,1
5272,易经杂说,2
5273,世界文明史,1
5274,终身成长 美 卡罗尔德韦克Carol Dweck,1
5275,华杉讲透孙子兵法,3
5276,小银，我可爱的憨驴,1
5277,品中国文人,1
5278,历史原来很有趣（系列）,1
5279,如果历史是一群喵,1
5280,唐朝有嘻哈,1
5281,魏晋有美男,1
5282,宋朝好声音,1
5283,芥子,1
5284,蒋勋说宋词,1
5285,对话,2
5286,清单革命：如何持续、正确、安全地把事情做好,1
5287,四重奏,1
5288,中庸,7
5289,人生的智慧：如何幸福度过一生,1
5290,呻吟语,1
5291,剑桥艺术史,2
5292,艺术通史,1
5293,宇宙,3
5294,政治哲学,1
5295,变革社会中的政治秩序,1
5296,云边有个小卖部,3
5297,墨迹,1
5298,菜根潭,1
5299,系统逻辑思维-中国人的智慧,1
5300,大明风华,1
5301,流感,1
5302,读懂一本书,1
5303,巴菲特幕后智囊：查理·芒格传,3
5304,终身学习,1
5305,爆裂,2
5306,对不起，她不在了,2
5307,常识与通识,1
5308,白说,5
5309,让我留在你身边,1
5310,四点起床,3
5311,绝杀慕尼黑,1
5312,男人来自金星，女人来自火星,1
5313,知性力,1
5314,金刚般若波罗蜜经,1
5315,天蓝色的彼岸,2
5316,时间的针脚,1
5317,火凤燎原,1
5318,超级快速阅读,1
5319,投资中最简单的事,1
5320,鱼：一种激发工作热情的绝妙方法,1
5321,湖光山色,1
5322,稻香园随笔,2
5323,剩下的全归你,1
5324,重新认识你自己,2
5325,1q84,1
5326,洗冤集录,1
5327,孙子兵法与三十六计,1
5328,写给大家看的设计书,1
5329,写给大家看的排版书,1
5330,默读,1
5331,维罗妮卡决定去死,1
5332,从无到无的旅行,1
5333,亲爱的三毛,3
5334,雨季不再来,1
5335,血色浪漫,1
5336,到地球取经,1
5337,赖氏经典英语语法,1
5338,美语从头学系列,1
5339,曾文正公全集,1
5340,python从入门到实践,1
5341,python cook book,1
5342,新概念英语三四,1
5343,费曼物理学讲义,2
5344,上海堡垒,5
5345,支配你的是你自己,1
5346,苹果树,1
5347,生命中的五个球,1
5348,追随你的梦想,1
5349,泰戈尔诗集,1
5350,极简快速阅读,1
5351,苏联的最后一天,1
5352,人性中的善良天使,1
5353,大学与大师,2
5354,神祇、陵墓和学者,1
5355,何为良好生活,1
5356,精神分析学,1
5357,吉米多维奇,1
5358,为了报仇看电影,1
5359,艰难的制造,1
5360,少有人走的路 the road less traveled,1
5361,单恋,5
5362,皮肤的秘密,4
5363,人间出逃记,1
5364,枪炮，病菌与钢铁,2
5365,为什么我们总是在逃避,1
5366,少有人走的路1,1
5367,感谢不完美的自己,1
5368,自我分析,1
5369,自我的挣扎,1
5370,我们内心的冲突,2
5371,如何化解内心的焦虑,1
5372,楞严变,1
5373,金色梦想,1
5374,太年轻,1
5375,回答不了,1
5376,龙城三部曲,1
5377,挚爱与告别,1
5378,相助,1
5379,24个比利,3
5380,时间旅行者的妻子,1
5381,白鲸记,1
5382,十字镇屠夫,1
5383,心若菩提:曹德旺,1
5384,郭鹤年传,1
5385,巴别塔之犬,1
5386,S.忒休斯之船,1
5387,材料科学基础,1
5388,巴黎评论作家访谈,1
5389,第二十二条军规,1
5390,龙头凤尾,1
5391,树上的男爵,2
5392,基础有机化学,1
5393,尚书,1
5394,九阳真经,1
5395,西方哲学简史,1
5396,闪闪发光的人生,1
5397,伊拉克风云,1
5398,哲学通论,1
5399,世说新语笺疏,1
5400,上海生死劫,1
5401,一滴泪,1
5402,观念的水位,4
5403,亚洲教父,1
5404,亚洲教父：香港、东南亚的金钱和权力,2
5405,嫌疑人x的献身,5
5406,闪烁者,2
5407,观察者,2
5408,深渊上的火,1
5409,末日逼近,1
5410,黑暗塔,1
5411,莲花,1
5412,输赢,2
5413,写作七堂课,6
5414,看了79岁的蔡澜，才发现这届年轻人比他老得更快,1
5415,看了写作七堂课，才发现原来写作是每一个人都能掌握的技能,1
5416,比起明星出轨，这才是最值得曝光的照片,1
5417,比起在家无聊数大米，这才是值得学习掌握的一项技巧,1
5418,死人经,2
5419,7分钟理财,2
5420,婚姻与爱情的前世今生,1
5421,饱食穷民,1
5422,夺宫初政,2
5423,惊风密雨,1
5424,玉宇成祥,1
5425,祸起萧墙,1
5426,向天再借五百年,1
5427,兰亭序杀局,1
5428,兰亭集序,1
5429,佐贺的超级啊嘛,1
5430,六神磊磊读唐诗,1
5431,小欢喜,1
5432,遇见野兔的那一年,2
5433,万籁俱寂的那一天,1
5434,推延心理学,1
5435,神都,1
5436,克里希那穆提集,1
5437,撒哈拉的沙漠,1
5438,阿q正传,1
5439,人来简史,1
5440,细小,1
5441,来自新世界,2
5442,拉格泰姆时代,1
5443,Who&#39;s Your City,1
5444,Who&amp;amp;#39;s Your City,1
5445,1980年代的爱情,1
5446,近代物理科学的形而上学基础,1
5447,亮剑,5
5448,流血的仕途,1
5449,伯恩斯新情绪疗法,1
5450,1000本不必读的书,1
5451,如何安心如何空,1
5452,约翰克里斯多夫,1
5453,毛ZE东选集,1
5454,生活中的经济学,1
5455,走吧，张小砚,1
5456,个人的体验,1
5457,金圣叹评水浒传,1
5458,李逵日记,1
5459,我允许你，在我心上行走,1
5460,品味书香,1
5461,我允许你，在我心上行走--全世界最美的情书,1
5462,我允许你，在我心上行走：全世界最美的情书,1
5463,地藏经,1
5464,the book of change,1
5465,缓慢性爱,1
5466,被毁灭的人,2
5467,俱舍论颂疏,1
5468,四阿含经,1
5469,瑜伽师地论,2
5470,华严经,1
5471,法华经,1
5472,大智度论,2
5473,因明大疏,1
5474,易筋经,1
5475,洗髓经,1
5476,何谓文化,2
5477,思考致富,3
5478,项链,1
5479,我的叔叔于勒,1
5480,散步,1
5481,活着本来单纯,1
5482,渊之信,1
5483,简明美国史,1
5484,香港简史,1
5485,中国人，你为什么不生气,2
5486,幼稚园大学,2
5487,苦海余生,1
5488,人性论,2
5489,长袜子皮皮历险记,1
5490,调皮鬼埃米尔,1
5491,长袜子皮皮,3
5492,选择中医,1
5493,犯罪心理,3
5494,问学,1
5495,明朝一哥王阳明,2
5496,塔木德,2
5497,孩子，你慢慢来,1
5498,杀手界疾风号,1
5499,球状闪电,3
5500,吞噬者,1
5501,朝闻道,2
5502,数据之巅,1
5503,数文明,1
5504,近距离看美国,1
5505,穷爸爸 富爸爸,1
5506,朦胧诗经典鉴赏:吹散藏在手里的满天星星,1
5507,写出我心：普通人如何通过写作表达自己,1
5508,身体知道答案,1
5509,写出我心,1
5510,遇见心想事成的自己,1
5511,rework,1
5512,相对论,6
5513,药物毒理学,1
5514,婚姻家庭法,1
5515,穷爸爸富爸爸之财务自由之路,1
5516,住宅巡礼,1
5517,宗教大法官,1
5518,民主四讲,1
5519,催眠师手记1,1
5520,催眠师手记2,1
5521,你自以为的极限，只是别人的起点,1
5522,不要让未来的你，讨厌现在的自己,1
5523,当你的才华还撑不起你的梦想时,1
5524,大地上的事情,1
5525,佐贺的超级阿嬷,1
5526,贝姨,1
5527,菩提系列,1
5528,食事,3
5529,发现之旅,2
5530,何以中国,3
5531,神祗、陵墓与学者：考古学传奇,4
5532,岁时书：古诗词里的中国节日,2
5533,日本神社解剖图鉴,2
5534,冰是睡着的水,2
5535,火星救援,3
5536,引爆点,1
5537,廊桥遗梦,2
5538,一个被称作它的孩子,1
5539,如何说 孩子才会听 怎么听 孩子才肯说,1
5540,爱上女老师,1
5541,站在两个世界的边缘,1
5542,秘密花园,3
5543,自律，决定你的人生高度,1
5544,红x,1
5545,妇女：最漫长的革命,1
5546,洁如新,1
5547,年轮,1
5548,宾客的魔法,1
5549,如何不喜欢一个人,2
5550,人类的明天,1
5551,超级版图：全球供应链、超级城市与新商业文明的崛起,1
5552,至关重要的关系,1
5553,扫地出门：美国城市的贫穷与暴利,1
5554,规模：复杂世界的简单法则,1
5555,人工智能会抢哪些工作,1
5556,细节：如何轻松影响他人,1
5557,创始人手记,1
5558,我很好啊你怎么样,1
5559,姥姥语录,1
5560,植物的欲望,1
5561,爱尔兰咖啡,1
5562,盲刺客,1
5563,项塔兰,2
5564,Call Me By Your Name ,1
5565,他改变了中国——エザワ タミ伝,1
5566,上帝掷骰子吗——量子物理史话,1
5567,银河帝国,3
5568,科幻世界,1
5569,大江东去,1
5570,从黄河文明到一带一路,2
5571,第七日,1
5572,我们终将遇见爱与孤独,1
5573,心理学与社会生活,1
5574,教育的目的,1
5575,问卷分析统计实务,1
5576,国境之南,1
5577,华盖集,1
5578,中国小说史略,1
5579,时光倒流的女孩,1
5580,悲伤逆流成河,2
5581,本杰明富兰克林自传,1
5582,改变心理学的四十项研究,1
5583,三体1,1
5584,红手指,4
5585,许三观买血记,1
5586,不是人间富贵花,1
5587,三体1-地球往事,1
5588,三体2—黑暗森林,1
5589,三体3—死神永生,1
5590,毛选1卷,1
5591,毛选1,1
5592,共产主义abc,1
5593,逻辑学是什么,1
5594,明史,2
5595,毛选5,1
5596,青鸟书店,2
5597,货币战争,3
5598,马克思基本主义概论,1
5599,永乐大典,1
5600,整理情绪的力量,1
5601,花花公子,1
5602,北京折叠,1
5603,孤独深处,2
5604,微观经济学,1
5605,宏观经济学,1
5606,递归宏观经济理论,1
5607,英国工人运动考察,1
5608,湖南农民,1
5609,湖,2
5610,朱光潜谈美学,1
5611,再见，萤火虫小巷,1
5612,三国,2
5613,谁偷了我的奶酪,1
5614,痛并快乐着,1
5615,鞋狗,1
5616,思想的张力,1
5617,不较劲人生,1
5618,时间之城,1
5619,鼠族,1
5620,阴律无情,1
5621,高考志愿填报指南,1
5622,皇帝内经,2
5623,伤寒论,1
5624,千年一叹,2
5625,史记·项羽本纪,1
5626,商业周刊,2
5627,岛,5
5628,三民主义,1
5629,红楼,1
5630,虚伪的真心话,1
5631,陆犯焉识,7
5632,归来,1
5633,史铁生散文集,1
5634,洞穴奇案,1
5635,斯坦福大学人生设计课,4
5636,如何阅读,2
5637,发现你的天赋,1
5638,驱动力,1
5639,从行动开始——自我管理的科学,1
5640,意志力：关于自控、专注和效率的心理学,1
5641,第三种黑猩猩：人类的身世与未来,1
5642, 给人好印象的秘诀：如何让别人信任你、喜欢你、帮助你,1
5643,活出最乐观的自己：彻底改变悲观人生的幸福经典梦,1
5644,潘多拉盒子,1
5645,三怪客泛舟记,1
5646,大宝积经,1
5647,中论,1
5648,本源,1
5649,专业主义,1
5650,卡尔维特教育全书,2
5651,¥19.99 ,1
5652,风起陇西,1
5653,男人来自火星，女人来自金星,2
5654,纪念刘和珍君,1
5655,中国史学名著,1
5656,如何读一本书,1
5657,圆觉经,1
5658,第十二秒,1
5659,伟大的悲剧,1
5660,假如世上不在有猫,1
5661,查拉特斯特如是说,1
5662,how to win friends &amp;influence others,1
5663,接纳不完美的自己,2
5664,我的苦难，我的大学,1
5665,第八日的蝉,1
5666,How To Win Friends And Influence People,1
5667,人的行为,1
5668,耶鲁大学公开课——死亡,1
5669,活着回家,1
5670,活着回家：巴丹死亡行军亲历记,1
5671,少有人走的心灵历程,1
5672,死亡如此多情,1
5673,生活的艺术家,1
5674,阅读是一座随身携带的避难所,1
5675,愿力的财富,1
5676,夏洛克·福尔摩斯探案集,1
5677,葛朗台,1
5678,鲁滨孙漂流记,2
5679,人性的缺点,1
5680,领导力,1
5681,微反应,1
5682,你好 旧时光,1
5683,藏地密码,1
5684,清明上河图密码,1
5685,童趣,1
5686,金翅雀,1
5687,off 学,1
5688,最重要的事情只有一件,1
5689,月亮和七便士,1
5690,烟雾弥漫你的眼,1
5691,雪落香杉杉,1
5692,爱与孤独,1
5693,秋,3
5694,阳光劫匪玩转地球,1
5695,舒克和贝塔,2
5696,有匪,2
5697,完全恋爱,1
5698,Lean In,1
5699,the Power of Many Values for Success in Business and in Life,1
5700,价值观的力量,1
5701,做最好的自己,1
5702,牧羊少年的奇幻冒险,1
5703,实用性阅读指南,6
5704,女人厚黑学,2
5705,答案之书,1
5706,天才在左 疯子在右,3
5707,嫌疑犯X的献身,2
5708,消失的爱人,1
5709,透明的红萝卜,1
5710,惊鸿一瞥 生死白头,2
5711,再别康桥,1
5712,徐志摩集,1
5713,诛仙,1
5714,人类简史——从动物到上帝,1
5715,未来简史——从智人到智神,1
5716,绿林女儿,1
5717,疯丫头马迪根,1
5718,有机化学,1
5719,心有欢喜过生活,1
5720,个体的维度,7
5721,作为主体的人,1
5722,那些回不去的年少时光,2
5723,The Man Who Changed China,1
5724,金庸小说全集,1
5725,关上门以后,1
5726,嫁给美国,1
5727,查泰莱夫人的情人,1
5728,天浴,1
5729,你爱自己的样子很美,1
5730,哪怕身处沟壑，也要仰望星空,1
5731,恶心,1
5732,蒋家王朝第二代的人生浮沉：蒋经国与蒋纬国 ,1
5733,曾国藩家书,1
5734,卑鄙的圣人,1
5735,到不朽的事业中寻求庇护,1
5736,奔向宇宙之巅,1
5737,滑铁卢的一分钟,1
5738,夺取南极的斗争,1
5739,封闭的车厢,1
5740,拜占庭的陷落,1
5741,纵痴也狂,1
5742,黄帝阴符经,1
5743,蒲公英王朝,1
5744,碟型世界,1
5745,问道中医,1
5746,人性的弱点（优点）,2
5747,思维导图,2
5748,正见,3
5749,法灭尽经,1
5750,只有医生知道 ,1
5751,乖，摸摸头,5
5752,好吗，好的,2
5753,他们最幸福,1
5754,随遇而安,1
5755,这本书能帮你戒烟,1
5756,时间会证明一切,1
5757,他,1
5758,奎妮的情感,1
5759,星际穿越,1
5760,暗恋 橘生淮南,2
5761,吾国与吾民,1
5762,模仿犯,1
5763,别丢掉,1
5764,房思琪的初恋花园,1
5765,青春之声,1
5766,至柔,1
5767,pride and prejudice,1
5768,三杯茶,1
5769,哈佛凌晨4点半,1
5770,暗河,1
5771, 平凡的世界 ,1
5772,阿里布达年代记,1
5773,结局或开始,1
5774,锦灰堆,2
5775,一个人不要怕,1
5776,在爱中修行,1
5777,对面的女孩,1
5778,伤感行旅,1
5779,没有天使的天使岛,1
5780,流言私语,1
5781,经济学人,1
5782,2010,1
5783,天局,1
5784, 亲密关系,1
5785,只在此刻的拥抱,1
5786,我想念我自己,1
5787,我是被老师教坏的,3
5788,失物之书,2
5789,月亮忘记了,1
5790,中华人民共和国宪法,2
5791,民法通则,1
5792,我在等风，也在等你,1
5793,#NAME?,1
5794,黑格尔历史哲学,1
5795,秘密吸引力法则,1
5796,嫌疑人x的现身,2
5797,三十六大,1
5798,第三种爱情,1
5799,能断金刚,1
5800,你若安好，便是晴天,1
5801,因为懂得，所以慈悲,1
5802,你是锦瑟，我为流年,1
5803,七屋,1
5804,少爷,1
5805,我的26岁女房客,1
5806,我不,6
5807,兄弟（上）,1
5808,力学,1
5809,现代汉语词典,1
5810,老子的感悟,1
5811,布鲁克林有颗树,1
5812,布局天下,1
5813,读通鉴论,1
5814,太平御览,1
5815,辩证唯物主义和历史唯物主义原理,1
5816,中国历代战争史,1
5817,爱德华的奇妙之旅,1
5818,群山回唱,2
5819,影之翼,1
5820,致我们终将逝去的青春,2
5821,演讲的力量,1
5822,蓝房子,2
5823,四季奇谭,1
5824,庶女生存守册,1
5825,非洲三万里,1
5826,你好旧时光,1
5827,哈克贝利·费恩历险记,1
5828,黑雨,1
5829,美丽的新世界,1
5830,奥威尔（1984）,1
5831,魂归伤膝谷,1
5832,萨勒姆的女巫,1
5833,对生命的敬畏,1
5834,太阳的后裔,1
5835,家庭系统排列,1
5836,对财富说是,1
5837,有限责任家庭,1
5838,平和式养育,1
5839,不吼不叫,1
5840,枢纽,5
5841,茶馆,1
5842,巨婴国,1
5843,解忧杂货铺,3
5844,沉睡的人鱼之家,2
5845,中国机器人,1
5846,解读基金—我的投资观与实践,1
5847,邻家的百万富翁,1
5848,好妈妈胜过好老师,1
5849,人生中不可不想的事,1
5850,观音之爱,1
5851,活在喜悦中,1
5852,老神再在,1
5853,个人实相的本质,2
5854,晨曦,1
5855,家庭、私有制和国家的起源,1
5856,充满奇想的一年,1
5857,鞑靼人沙漠,1
5858,工作前五年，决定你一生的财富,1
5859,亲爱的生活,1
5860,永恒的终结,1
5861,快速阅读,1
5862,蒙田随笔,2
5863,自然哲学的数学原理,2
5864,法国宪法草案,1
5865,堂·吉诃德,1
5866,广义相对论原理,1
5867,时代周刊,1
5868,理智与情感,1
5869,雪落香杉树,2
5870,四幕戏,1
5871,背叛,1
5872,中国历史精神,1
5873,剑来,2
5874,利玛窦与中国,1
5875,毅力,1
5876,编码的奥秘,1
5877,完美伴侣 缓慢性爱,1
5878,完美伴侣,1
5879,完美伴侣缓慢性爱,1
5880,柔软性爱宝典,1
5881,缓慢性爱教学视频,1
5882,外科学,1
5883,值得一遍又一遍读,1
5884,少有人走过的路,2
5885,20年目睹之怪现状,1
5886,中国古代思想史论,1
5887,当代十贤访谈录,1
5888,X的献身,1
5889,下坠,1
5890,女人明白要趁早,2
5891,三观易碎,1
5892,和潇洒姐塑身100天,1
5893,米字路口问答,1
5894,按自己的意愿过一生,1
5895,写在三十岁到来这一天,1
5896,时间管理7堂课,1
5897,幸福的方法,2
5898,波士顿环球时报,1
5899,100个基本,4
5900,生活手帖,1
5901,不能不去爱的两件事,1
5902,此生未完成,3
5903,围墙,1
5904,刺客信条,1
5905,一句话顶一万句,1
5906,新潮 教育生涯一周甲,1
5907,竞争战略,1
5908,竞争优势,1
5909,不负如来不负卿,1
5910,墓碑,1
5911,林肯的另一面,1
5912,春田日报,1
5913,上帝掷骰子么,2
5914,哲学家们都干了什么,1
5915,一想到还有95%的问题留给人类我就放心了,1
5916,中央帝国的财经密码,1
5917,中央帝国的军事密码,1
5918,汴京之围,1
5919,野蛮大陆,1
5920,智能商业,2
5921,写给父母的未来之书,1
5922,囚徒健身,1
5923,尤里卡,1
5924,與神對話,1
5925,看見真相的男孩,1
5926,通靈境界的科學家史威登堡,1
5927,無量壽經,1
5928,印光法師文鈔,1
5929,你的大大的坏,1
5930,认知心理学及其启示,1
5931,滚雪球,1
5932,范仲淹与庆历新政,1
5933,中国上下五千年,1
5934,慢读秋雨,1
5935,神话指路,1
5936,贵族：历史与传承,1
5937,阻碍法国科学发展的学界陋习例证,1
5938,彭桓武传,1
5939,我的哲学老师叔本华,1
5940,我可以咬你一口吗,1
5941,一见你我就好心情,1
5942,上帝也会掷骰子吗,1
5943,落地前请叫醒我,1
5944,远山淡影,2
5945,先生,1
5946,海风中失落的血色馈赠,1
5947,假话国历险记,1
5948,六点二十七分的朗读者,1
5949,不抱怨的世界心灵成长篇,1
5950,青春无小事,1
5951,如何改变习惯,1
5952,别让好脾气害了你,1
5953,只有营养师知道,2
5954,中国居民膳食指南2016,1
5955,健康快到碗里来,1
5956,信任的速度,1
5957,如何有效阅读一本书,3
5958,看见成长的自己,1
5959,别让我走,1
5960,月亮与六便士 ,1
5961,少年的你，如此美丽,1
5962,唐朝穿越指南,1
5963,事理学,1
5964,夺回伊甸园,1
5965,高危地带,1
5966,易经的智慧,1
5967,从当下出发,1
5968,孩子们的诗,1
5969,挑妈妈,1
5970,原谅,1
5971,灯,1
5972,春天,1
5973,守望者,1
5974,黑货船传奇,5
5975,剑桥中国史,1
5976,隋唐史,1
5977,明代史,1
5978,人生苦旅,1
5979,淘气包马小跳,2
5980,爱情和其他魔鬼,1
5981,假面自白,1
5982,怪屋女孩,1
5983,谁动了我的奶酪,3
5984,内在的从容,1
5985,为你自己活一次,1
5986,钟吕传道集,1
5987,炁体源流,1
5988,书法大字典,1
5989,中华上下五千年,3
5990,暗访十年,1
5991,如何达成目标,1
5992,生死遗忘,1
5993,大学该怎么读：给大学生的75封回信,1
5994,cpa会计,1
5995,家守奇谭,1
5996,罗兰小语,1
5997,拆除你的情绪地雷,1
5998,小公务员之死,1
5999,缘缘堂随笔,1
6000,莎士比亚十四行诗,1
6001,嫌疑犯x的献身,1
6002,美国众神,1
6003,伊甸樱桃,1
6004,周国平散文集,1
6005,断代,1
6006,忽然七日,1
6007,当世界年纪还小的时候,1
6008,青衣,1
6009,睡不着,1
6010,盐,1
6011,这些人，那些事,2
6012,铁浆,1
6013,替身,1
6014,我和这个世界不熟,1
6015,认识身体,2
6016,长大,1
6017,酸痛拉筋解剖书,1
6018,纪伯伦散文诗经典,1
6019,高效的作用,1
6020,王阳明心学：修炼强大内心,1
6021,中标,1
6022,鱼王,1
6023,美国的本质,1
6024,现代化的本质,1
6025,民族个性与民族兴衰,1
6026,少年巴比伦,2
6027,教育心理学,1
6028,欣喜是自酿的,1
6029,被劫持的私生活,1
6030,我很重要,1
6031,风沙星辰,1
6032,月亮 与六便士,1
6033,只为途中与你相见,1
6034,岁月的童话,1
6035,小说药丸,1
6036,阅读是本随身携带的避难所,1
6037,玛丽在隔壁,1
6038,人间,2
6039,绮君散文,1
6040,谁的青春不迷茫,1
6041,你的孤独虽败犹荣,1
6042,向着光亮那方,1
6043,为何爱会伤人,1
6044,渴望生活,1
6045,作为意志与表象的世界,1
6046,放风筝的人,1
6047,李尔王,1
6048,野棕榈,1
6049,幸福课-不完美的人生解答书,1
6050,人生的哲学,1
6051,智囊,1
6052,人生的意义,1
6053,沉船,1
6054,中国文脉,1
6055,尼采自传,1
6056,暮雨烟晨,1
6057,穿越百年中东,1
6058,五年高考，三年模拟,1
6059,嫌疑人x 的献身,1
6060,心理孙权,1
6061,英语语法新思维,1
6062,高敏感是种天赋,1
6063,美国大城市死与生,1
6064,真题全刷,1
6065,世界镜头与冷酷仙境,1
6066,当太阳照常升起,1
6067,黑铁时代,1
6068,41炮,1
6069,诡秘之主,1
6070,好的吗的,1
6071,静坐修道与长生不老,1
6072,回到从前变成猫,1
6073,国家为什么会失败,2
6074,美国经济评论,4
6075,政治经济学杂志,4
6076,经济学季刊,3
6077,计量经济学杂志,1
6078,独裁和民主的经济起源,2
6079,美国政治科学评论,1
6080,西方世界的兴起,1
6081,经济史中的结构与变迁,1
6082,货币的崛起,1
6083,天才的童年,1
6084,返老还童,1
6085,Are your lights on,1
6086,你的灯还亮着吗,1
6087,元认知:改变大脑的顽固思维,1
6088,芙蓉如面柳如眉,1
6089,当下的力量 The Power of Now,1
6090,那写回不去的年少时光,1
6091,一一风荷举,1
6092,三大师传,1
6093,鹿特丹的伊斯拉谟,1
6094,哈佛极简经济学,1
6095,所有我们看不见的光,1
6096,我不喜欢这世界只喜欢你,1
6097,一生的忠告,3
6098,时间的女儿,1
6099,青年文摘,1
6100,谢谢你出现在我的青春里,1
6101,开放社会及其敌人,1
6102,煮酒谈西游,1
6103,您厉害，您赚得多,1
6104,微微一笑很倾城,1
6105,世界的凌冬,1
6106,七界传说,1
6107,斗罗大陆,2
6108,毒药,1
6109,哈佛家书,1
6110,玄欲,1
6111,不要用爱控制我,1
6112,线,1
6113,素履之往,2
6114,人世间,1
6115,宇宙风,1
6116,啼笑皆非,1
6117,人生的盛宴,1
6118,东坡诗文选,1
6119,说话的艺术,2
6120,进口挖掘机修理,1
6121,XXX速成,1
6122,鬓边不是海棠红,1
6123,亲爱的弗洛伊德,1
6124,叶落淮南,1
6125,一飞冲天,1
6126,十四堂人生创意课,2
6127,最高职责,2
6128,人都是要死的,1
6129,人总是要死的,1
6130,概率论与数理统计,1
6131,鼻屎说,1
6132,金融的逻辑,1
6133,王小波文集,1
6134,血色子午线,1
6135,知识英雄——影响中关村的50个人,1
6136,当呼吸化作空气,1
6137,恰到好处的恋爱,1
6138,爱的五种能力,1
6139,道钟警明,1
6140,天堂游记,1
6141,地狱游记,1
6142,狄仁杰,1
6143,曾国藩三部曲,1
6144,英雄志,2
6145,复分析图形化方法,1
6146,昔日的味道,1
6147,沉重的肉身,1
6148,告别百年激进,1
6149,你一定爱读的极简欧洲史,1
6150,我只是敢和别人不一样,1
6151,时间的形状,1
6152,量子物理史话,1
6153,鬼谷子的局,1
6154,共产主义宣言,1
6155,沿着正确的方向,2
6156,把妹达人,1
6157,肖克申的救赎,1
6158,耶路撒冷,1
6159,活了一百万次的猫,1
6160,棚屋,1
6161,他改变了中国,4
6162,矮纸集,1
6163,慈禧全传,1
6164,送你一匹马,1
6165,人间四月天,1
6166,走到人生边上,1
6167,缘缘堂,1
6168,请停止无效社交,1
6169,素颜韵脚诗,1
6170,如诗一般,1
6171,超越时空,1
6172,杜拉拉升职记,1
6173,彷徨之刃,2
6174,湖畔,1
6175,布鲁特斯的心脏,1
6176,正红旗下,1
6177,不可承受的生命之轻,1
6178,安娜 卡列尼娜,1
6179,热锅上的家庭,1
6180,当我们谈跑步时我们谈些什么 ,1
6181,思维的乐趣,1
6182,中国历史密码,1
6183,热爱生命,1
6184,幸福从不缺席,1
6185,科学心理学,1
6186,那些年回不去的年少时光,1
6187,一个女人的史诗,1
6188,书都不会读，你还想成功,1
6189,五年高考三年模拟,2
6190,600分考点700分考法,1
6191,周有光百岁口述,1
6192,马克思主义基本原理,1
6193,许三观,2
6194,人生是一场游戏,1
6195,万万没想到：用理工科思维理解世界,1
6196,我的天才女友,1
6197,离开的，留下的,1
6198,失踪的孩子,1
6199,失物守护者,1
6200,过去今天未来,1
6201,十二堂生命课,1
6202,二十四个比利,1
6203,此间的少年,1
6204,致加西亚的信,1
6205,中国人的气质,1
6206,天长在左，疯子在右,1
6207,你的孤独，虽败犹荣,1
6208,教材帮,1
6209,镜姐荐书会,1
6210,重新发现社会,1
6211,血管通,1
6212,漫画人体-一看就懂的人体结构书,1
6213,易中天破门而入讲美学,1
6214,倾听书海-好书背后的故事,1
6215,辞海,1
6216,十万个为什么,1
6217,谈美书简,1
6218,内在体验,1
6219,暗恋·橘生淮南,1
6220,海伯利安,1
6221,龙床,1
6222,野哭,1
6223,明实录,1
6224,昭和元禄落语心中,1
6225,查理芒格的智慧箴言录,1
6226,西藏生死书,1
6227,思考中医,1
6228,平凡的人生,1
6229,缥缈录,1
6230,蜘蛛世界 大三角洲,1
6231,你看起来很好吃,1
6232,那个不为人知的故事,1
6233,德伯家的苔丝,1
6234,你只是看起来很努力,2
6235,基姆,1
6236,宿命,1
6237,我有一壶酒，可以慰风尘,1
6238,毛泽东语录,1
6239,百岁人生,1
6240,四圣心源,1
6241,幼学琼林,1
6242,盘龙,1
6243,壁花少年,1
6244,孩子:挑战,1
6245,繁花,3
6246,文理双修,1
6247,知北游,2
6248,牛氓,1
6249,斯巴达克斯,1
6250,planet or plastic,1
6251,屠龙秘籍,1
6252,生命之轮,1
6253,摩根写个儿子的32封信,1
6254,阿弥陀佛，么么哒,1
6255,你坏,1
6256,收获,1
6257,坏蛋是怎样炼成的,1
6258,家春秋,1
6259,〈纯粹理性批判〉讲演录,1
6260,精神明亮的人,1
6261,领导梯队,1
6262,流星蝴蝶剑,1
6263,造房子,1
6264,我是要成为系统王的男人,1
6265,灼热的秘密,1
6266,关于彼岸的一切,1
6267,欧亨利小说集,1
6268,第一推动力,1
6269,你在高原,1
6270,穹顶之下,1
6271,未来世界的幸存者,1
6272,C 程序设计,1
6273,C Primer Plus,1
6274,1987了,1
6275,致父亲的信,1
6276,恋爱的犀牛,1
6277,作家笔记,1
6278,伟大的盖茨比,2
6279,续爱的教育,2
6280,大唐西域记,1
6281,男人战争,1
6282,蓝熊船长的十三条半命,1
6283,一个解构主义的文本,1
6284,公正,1
6285,夹边沟记事,1
6286,被遗忘的士兵,1
6287,毛姆短篇小说精选,1
6288,根西岛文学与土豆皮馅饼俱乐部,1
6289,我是马拉拉,1
6290,小径分叉的花园,2
6291,人格心理学,1
6292,曼哈顿的中国女人,1
6293,昆仑,1
6294,回来的路,1
6295,怎样学语文,1
6296,约翰福音,1
6297,易中天中华史,1
6298,兄弟连,1
6299,胭脂斋点评石头记,1
6300,法的精神,1
6301,李克营销论语,1
6302,决定一生的八种能力,1
6303,领袖们,1
6304,追时间的人,1
6305,巴黎评论,7
6306,数据结构与算法,1
6307,计算机构造与原理,1
6308,设计模式,1
6309,重构,1
6310,软件工程,1
6311,奇鸟行状录,1
6312,程序之美,1
6313,长眠不醒,2
6314,ElasticSearch 权威指南,1
6315,ELK 实践指南,1
6316,ElasticSearch 高级服务器编程,1
6317,十一种孤独,1
6318,权力学,1
6319,全唐诗,1
6320,左耳,1
6321,假小子戴安,1
6322,太傻十日谈,1
6323,R语言实战,1
6324,R语言可视化手册,1
6325,R语言编程艺术,1
6326,统计学习摘要,1
6327,深度工作：有效使用每一点脑力,1
6328,自由能源装备制作手册,1
6329,哲学与人生,1
6330,秋水堂论金瓶梅,1
6331,秘密,3
6332,嫌疑人X的现身,1
6333,人的智慧,1
6334,人为什么长大,1
6335,品牌洗脑,1
6336,南京大屠杀,1
6337,与神,1
6338,我不是潘金莲,1
6339,我叫刘跃进,1
6340,望春风,1
6341,群山之巅,1
6342,惜别,1
6343,梦控师,2
6344,中国交通事故律师办案指引,1
6345,无快乐的经济,1
6346,黄河东流去,1
6347,艺林散叶,1
6348,大圓滿禪定休息簡說,2
6349,卑鄙的圣人曹操,2
6350,花镜,1
6351,神印王座,1
6352,武动乾坤,2
6353,琅琊榜,1
6354,名门医女,1
6355,错嫁良缘,1
6356,一个背叛日本的日本人,1
6357,光荣与梦想,1
6358,弹痕,1
6359,好吗好的,2
6360,高级男人手册,1
6361,首无：作祟之物,1
6362,变形计,1
6363,赎罪,1
6364,寂静的烽塔,1
6365,石目,1
6366,心理罪城市之光,1
6367,九尾狐的美味新娘,1
6368,你微笑时很美,1
6369,别毙了那只狗,1
6370,我们都是与时间赛跑的人,1
6371,寻乌调查,1
6372,汪曾祺文集,1
6373,仲夏夜之梦,1
6374,沉沦,1
6375,腰门,1
6376,我敢在你怀里孤独,1
6377,欲望与恐惧,1
6378,生死十日谈,1
6379,杀人之门,1
6380,三十而立,1
6381,生长的原理,1
6382,赘婿,1
6383,c程序设计语言,1
6384,最璀璨的星河,1
6385,我的青春恋爱物语果然有问题,1
6386,余生皆假期,1
6387,销售就是要搞定人,1
6388,性格色彩,1
6389,鬼吹灯,1
6390,毛泽东自传,1
6391,红顶商人,1
6392,孙子兵法解读,1
6393,大风歌,1
6394,比利战争,1
6395,择天记,1
6396,这边风景,1
6397,故道白云,1
6398,佛陀传记,1
6399,士兵突击,1
6400,脑洞,2
6401,5年高考·3年模拟,1
6402,环界,1
6403,上帝掷骰子吗？量子物理史论,1
6404,学会自己长大,1
6405,我等你到三十五岁,1
6406,六项精进,1
6407,艺术与视知觉,1
6408,城记,3
6409,城祭,1
6410,采访本上的城市,1
6411,拾年,1
6412,雪的千种风情,1
6413,红处方,1
6414,在人生的更高处相见,1
6415,小孩,1
6416,请不要辜负这个时代,1
6417,欧洲史,1
6418,联邦论,1
6419,许三多卖血记,1
6420,在细雨中呐喊,1
6421,平凡的世界三部,1
6422,舞娘,1
6423,漂泊女人,1
6424,流言,1
6425,第九,1
6426,AI未来,1
6427,区块链：从数字货币到信用社会,1
6428,五年高考 三年模拟,1
6429,The book,1
6430,Bible,1
6431,易经别讲,1
6432,少年xx,1
6433,少xx洁,1